Name,TVT-split,year,Longitude,Latitude,North angle,Owner
28_1,Trainning,2015,135.5641111,34.73852778,46.23730469,Google Street View
242_2,Trainning,2015,135.5564462,34.7323718,228.5471649,Google Street View
243_2,Trainning,2015,135.5565408,34.73245064,227.9038849,Google Street View
252_1,Trainning,2015,135.5573657,34.73312152,49.15161514,Google Street View
276_1,Trainning,2015,135.5597544,34.73491306,227.1446075,Google Street View
295_2,Trainning,2015,135.5463333,34.71547222,65.73036957,Google Street View
348_1,Trainning,2015,135.5482151,34.72108625,21.44577789,Google Street View
349_1,Trainning,2015,135.5482459,34.72119407,20.17288399,Google Street View
349_2,Trainning,2015,135.5482459,34.72119407,20.17288399,Google Street View
357_2,Trainning,2015,135.5484914,34.72194646,15.03326702,Google Street View
57170_2,Trainning,2015,135.5653232,34.73943446,46.65991974,Google Street View
373_2,Trainning,2015,135.5490611,34.7236555,13.77420712,Google Street View
374_2,Trainning,2015,135.5490967,34.72376231,15.18545532,Google Street View
378_1,Trainning,2015,135.5492179,34.724126,193.5110931,Google Street View
586_2,Trainning,2015,135.5268274,34.69734075,76.64705658,Google Street View
609_1,Trainning,2015,135.5298452,34.69792108,77.41363525,Google Street View
609_2,Trainning,2015,135.5298452,34.69792108,77.41363525,Google Street View
616_1,Trainning,2015,135.5307636,34.69809771,76.07675171,Google Street View
617_2,Trainning,2015,135.5308948,34.69812294,76.09835052,Google Street View
1625_2,Trainning,2015,135.6625588,34.81092852,62.77376556,Google Street View
2793_2,Trainning,2015,135.7350624,34.87806379,32.67989349,Google Street View
2795_2,Trainning,2015,135.7349103,34.87788128,32.32424927,Google Street View
3858_1,Trainning,2015,135.7451787,34.94594668,181.8709106,Google Street View
3866_1,Trainning,2015,135.7451366,34.94506374,181.5939026,Google Street View
55334_2,Trainning,2015,139.6904937,35.54253532,19.56364059,Google Street View
55335_1,Trainning,2015,139.6905419,35.54263771,19.3164196,Google Street View
55336_1,Trainning,2015,139.6905901,35.54274011,19.14492416,Google Street View
55336_2,Trainning,2015,139.6905901,35.54274011,19.14492416,Google Street View
55337_2,Trainning,2015,139.6906383,35.5428425,19.26007271,Google Street View
55338_1,Trainning,2015,139.6906865,35.54294489,19.90538025,Google Street View
55338_2,Trainning,2015,139.6906865,35.54294489,19.90538025,Google Street View
55339_1,Trainning,2015,139.6907347,35.54304728,19.91764069,Google Street View
55339_2,Trainning,2015,139.6907347,35.54304728,19.91764069,Google Street View
55341_1,Trainning,2015,139.690831,35.54325206,20.21684074,Google Street View
55341_2,Trainning,2015,139.690831,35.54325206,20.21684074,Google Street View
55342_2,Trainning,2015,139.6908792,35.54335445,20.17187691,Google Street View
55343_1,Trainning,2015,139.6909274,35.54345684,20.11049461,Google Street View
55344_1,Trainning,2015,139.6909756,35.54355923,20.09335899,Google Street View
55344_2,Trainning,2015,139.6909756,35.54355923,20.09335899,Google Street View
55347_1,Trainning,2015,139.6911201,35.54386641,19.54190254,Google Street View
55348_1,Trainning,2015,139.6911683,35.5439688,19.41755104,Google Street View
55349_2,Trainning,2015,139.6912165,35.54407119,200.271347,Google Street View
55351_2,Trainning,2015,139.6912575,35.54418915,26.98348618,Google Street View
55352_2,Trainning,2015,139.6912928,35.54429496,15.95083809,Google Street View
55353_2,Trainning,2015,139.691328,35.54440078,16.31795311,Google Street View
55356_2,Trainning,2015,139.6914339,35.54471823,20.4088726,Google Street View
55357_2,Trainning,2015,139.6914691,35.54482404,19.28286171,Google Street View
55358_1,Trainning,2015,139.6915044,35.54492986,19.17486191,Google Street View
55358_2,Trainning,2015,139.6915044,35.54492986,19.17486191,Google Street View
55368_2,Trainning,2015,139.6918571,35.54598801,19.56363106,Google Street View
55373_1,Trainning,2015,139.6920335,35.54651708,19.44093704,Google Street View
55373_2,Trainning,2015,139.6920335,35.54651708,19.44093704,Google Street View
56373_2,Trainning,2015,139.7207962,35.62353679,21.7350769,Google Street View
56375_1,Trainning,2015,139.7208976,35.62373973,14.91655922,Google Street View
56375_2,Trainning,2015,139.7208976,35.62373973,14.91655922,Google Street View
56378_1,Trainning,2015,139.721,35.62398611,121.2362976,Google Street View
56378_2,Trainning,2015,139.721,35.62398611,121.2362976,Google Street View
56382_1,Trainning,2015,139.7211667,35.62440276,23.84604454,Google Street View
56382_2,Trainning,2015,139.7211667,35.62440276,23.84604454,Google Street View
56386_1,Trainning,2015,139.7213333,35.6248194,21.77156258,Google Street View
56386_2,Trainning,2015,139.7213333,35.6248194,21.77156258,Google Street View
55387_1,Trainning,2015,139.6927157,35.54790352,20.30974388,Google Street View
57170_1,Trainning,2015,135.5653232,34.73943446,46.65991974,Google Street View
56388_1,Trainning,2015,139.7214166,35.62502773,22.85549164,Google Street View
56388_2,Trainning,2015,139.7214166,35.62502773,22.85549164,Google Street View
55390_1,Trainning,2015,139.692868,35.54820818,19.16950798,Google Street View
55391_1,Trainning,2015,139.6929188,35.54830973,19.19169426,Google Street View
55391_2,Trainning,2015,139.6929188,35.54830973,19.19169426,Google Street View
55392_1,Trainning,2015,139.6929695,35.54841129,19.37015533,Google Street View
55393_1,Trainning,2015,139.6930203,35.54851284,19.14701462,Google Street View
55394_1,Trainning,2015,139.6930711,35.54861439,18.90582275,Google Street View
55396_1,Trainning,2015,139.6931667,35.54880556,19.22695541,Google Street View
55397_2,Trainning,2015,139.6932145,35.54890805,19.07422256,Google Street View
55398_1,Trainning,2015,139.6932623,35.54901055,19.22849655,Google Street View
55399_1,Trainning,2015,139.6933102,35.54911304,19.43452454,Google Street View
55400_1,Trainning,2015,139.693358,35.54921554,19.61157799,Google Street View
55402_1,Trainning,2015,139.6934536,35.54942052,19.30284882,Google Street View
55403_1,Trainning,2015,139.6935015,35.54952302,18.97760963,Google Street View
55404_1,Trainning,2015,139.6935493,35.54962551,18.78972626,Google Street View
55406_1,Trainning,2015,139.693645,35.5498305,18.95298767,Google Street View
55407_1,Trainning,2015,139.6936928,35.54993299,18.99271584,Google Street View
55410_1,Trainning,2015,139.6938363,35.55024047,19.20054626,Google Street View
55412_1,Trainning,2015,139.6939319,35.55044545,19.45312119,Google Street View
55413_1,Trainning,2015,139.6939798,35.55054794,19.84596062,Google Street View
55414_1,Trainning,2015,139.6940276,35.55065043,20.03166389,Google Street View
55415_1,Trainning,2015,139.6940754,35.55075293,19.75286484,Google Street View
55419_2,Trainning,2015,139.6942667,35.55116289,19.03244591,Google Street View
55420_1,Trainning,2015,139.6943146,35.55126538,19.38721848,Google Street View
55421_1,Trainning,2015,139.6943624,35.55136787,21.9419632,Google Street View
55422_1,Trainning,2015,139.6944102,35.55147036,24.64834976,Google Street View
55423_1,Trainning,2015,139.6944581,35.55157286,25.87174034,Google Street View
55426_1,Trainning,2015,139.6946016,35.55188033,16.36033821,Google Street View
55427_1,Trainning,2015,139.6946494,35.55198282,16.37940979,Google Street View
55428_1,Trainning,2015,139.6946972,35.55208531,16.62539101,Google Street View
55430_1,Trainning,2015,139.6947929,35.55229029,18.34724236,Google Street View
55431_1,Trainning,2015,139.6948407,35.55239278,18.74723434,Google Street View
55488_1,Trainning,2015,139.6967045,35.55827771,14.46054459,Google Street View
55489_1,Trainning,2015,139.6967301,35.55838534,14.4442606,Google Street View
55492_2,Trainning,2015,139.6968067,35.55870823,14.45082664,Google Street View
55497_1,Trainning,2015,139.6969346,35.55924637,7.575927258,Google Street View
55499_1,Trainning,2015,139.6969857,35.55946163,5.062980175,Google Street View
55500_1,Trainning,2015,139.6970112,35.55956926,3.356631517,Google Street View
55501_1,Trainning,2015,139.6970219,35.55967729,2.472098112,Google Street View
55502_1,Trainning,2015,139.6970051,35.55978606,1.212887883,Google Street View
55506_1,Trainning,2015,139.6969382,35.56022114,355.223175,Google Street View
55507_1,Trainning,2015,139.6969215,35.5603299,354.3789673,Google Street View
55508_1,Trainning,2015,139.6969047,35.56043867,354.3499451,Google Street View
55510_1,Trainning,2015,139.6968713,35.56065621,354.6277161,Google Street View
55514_2,Trainning,2015,139.6968043,35.56109128,356.3283081,Google Street View
55515_1,Trainning,2015,139.6967876,35.56120005,355.9750061,Google Street View
55516_1,Trainning,2015,139.6967709,35.56130882,355.5645142,Google Street View
55516_2,Trainning,2015,139.6967709,35.56130882,355.5645142,Google Street View
55517_1,Trainning,2015,139.6967541,35.56141759,355.3379211,Google Street View
55517_2,Trainning,2015,139.6967541,35.56141759,355.3379211,Google Street View
55521_1,Trainning,2015,139.6966872,35.56185265,355.0634155,Google Street View
55522_1,Trainning,2015,139.6966705,35.56196142,355.0878296,Google Street View
55523_1,Trainning,2015,139.6966537,35.56207019,355.1520691,Google Street View
55528_2,Trainning,2015,139.6965701,35.56261402,355.4849548,Google Street View
55529_1,Trainning,2015,139.6965533,35.56272278,354.1708984,Google Street View
55529_2,Trainning,2015,139.6965533,35.56272278,354.1708984,Google Street View
55533_2,Trainning,2015,139.6964864,35.56315785,354.1516724,Google Street View
55542_2,Trainning,2015,139.6964722,35.5641269,174.815506,Google Street View
55543_1,Trainning,2015,139.6964722,35.56423651,174.3187866,Google Street View
55545_1,Trainning,2015,139.6964722,35.56445574,174.9272919,Google Street View
55557_1,Trainning,2015,139.6964411,35.5656622,354.2091064,Google Street View
55560_1,Trainning,2015,139.6963945,35.56598883,354.5724792,Google Street View
55562_1,Trainning,2015,139.6963633,35.56620658,354.495697,Google Street View
55562_2,Trainning,2015,139.6963633,35.56620658,354.495697,Google Street View
55564_1,Trainning,2015,139.6963322,35.56642433,354.5498047,Google Street View
55564_2,Trainning,2015,139.6963322,35.56642433,354.5498047,Google Street View
55566_1,Trainning,2015,139.6963011,35.56664209,354.5325623,Google Street View
55567_1,Trainning,2015,139.6962856,35.56675096,354.7113037,Google Street View
55567_2,Trainning,2015,139.6962856,35.56675096,354.7113037,Google Street View
55570_2,Trainning,2015,139.6962389,35.56707759,354.7748718,Google Street View
55571_1,Trainning,2015,139.6962234,35.56718647,354.6221619,Google Street View
55571_2,Trainning,2015,139.6962234,35.56718647,354.6221619,Google Street View
55575_1,Trainning,2015,139.6961612,35.56762197,354.4308777,Google Street View
55577_1,Trainning,2015,139.69613,35.56783972,354.6109009,Google Street View
55577_2,Trainning,2015,139.69613,35.56783972,354.6109009,Google Street View
55578_1,Trainning,2015,139.6961145,35.56794859,354.5842896,Google Street View
55581_1,Trainning,2015,139.6960678,35.56827521,353.7854614,Google Street View
55582_1,Trainning,2015,139.6960523,35.56838409,352.7738953,Google Street View
55584_2,Trainning,2015,139.6960212,35.56860183,350.1878662,Google Street View
55592_1,Trainning,2015,139.6959618,35.56946886,268.852417,Google Street View
55597_1,Trainning,2015,139.6961382,35.56999779,9.608617783,Google Street View
55598_2,Trainning,2015,139.6961734,35.57010357,11.15751743,Google Street View
55599_1,Trainning,2015,139.6962087,35.57020936,12.38619328,Google Street View
55600_1,Trainning,2015,139.6962439,35.57031514,14.18348598,Google Street View
55601_2,Trainning,2015,139.6962792,35.57042093,16.50607491,Google Street View
55602_1,Trainning,2015,139.6963145,35.57052671,18.32236671,Google Street View
55603_1,Trainning,2015,139.6963497,35.57063249,19.08020401,Google Street View
55604_1,Trainning,2015,139.696385,35.57073828,20.29192734,Google Street View
55606_1,Trainning,2015,139.6964555,35.57094985,22.52926636,Google Street View
55608_1,Trainning,2015,139.6721517,35.52138244,347.9294434,Google Street View
55615_2,Trainning,2015,139.6728243,35.52192059,256.723053,Google Street View
55709_1,Trainning,2015,139.6833031,35.52675509,39.5748291,Google Street View
55710_1,Trainning,2015,139.6834022,35.5268294,38.77835846,Google Street View
55717_1,Trainning,2015,139.6838093,35.52751794,27.71303749,Google Street View
55719_1,Trainning,2015,139.6839204,35.52771779,25.95629501,Google Street View
55721_1,Trainning,2015,139.6840314,35.52791764,21.93348122,Google Street View
55736_1,Trainning,2015,139.6964722,35.571,22.90320778,Google Street View
55740_2,Trainning,2015,139.6966753,35.57140611,21.99320793,Google Street View
55748_1,Trainning,2015,139.6971354,35.57213365,23.21514893,Google Street View
55750_2,Trainning,2015,139.6972639,35.57232634,207.4694366,Google Street View
55751_1,Trainning,2015,139.6973056,35.57238889,218.1013641,Google Street View
55752_2,Trainning,2015,139.6973544,35.57249103,231.8459015,Google Street View
55753_1,Trainning,2015,139.6974033,35.57259318,202.2060699,Google Street View
55754_1,Trainning,2015,139.6974521,35.57269532,22.98673248,Google Street View
55756_2,Trainning,2015,139.6975498,35.57289961,209.4388123,Google Street View
55757_1,Trainning,2015,139.6975987,35.57300176,22.54699326,Google Street View
55757_2,Trainning,2015,139.6975987,35.57300176,22.54699326,Google Street View
55759_1,Trainning,2015,139.6976964,35.57320605,202.4345093,Google Street View
55760_1,Trainning,2015,139.6977452,35.57330819,27.86289978,Google Street View
55761_1,Trainning,2015,139.6977941,35.57341033,20.94289589,Google Street View
55762_1,Trainning,2015,139.6978429,35.57351248,16.69459915,Google Street View
55764_1,Trainning,2015,139.6979406,35.57371676,22.2771492,Google Street View
55766_2,Trainning,2015,139.6980383,35.57392105,27.62598991,Google Street View
55767_1,Trainning,2015,139.6980872,35.57402319,23.86823273,Google Street View
55769_1,Trainning,2015,139.6981849,35.57422748,18.84756279,Google Street View
55770_1,Trainning,2015,139.6982337,35.57432962,20.43085098,Google Street View
55772_1,Trainning,2015,139.6983314,35.57453391,22.36914063,Google Street View
55773_1,Trainning,2015,139.6983803,35.57463605,22.13752174,Google Street View
55775_1,Trainning,2015,139.698478,35.57484033,22.00442505,Google Street View
55777_1,Trainning,2015,139.6985757,35.57504462,47.03750229,Google Street View
55778_1,Trainning,2015,139.6986245,35.57514676,20.48149681,Google Street View
55781_1,Trainning,2015,139.6987711,35.57545318,23.0576973,Google Street View
55782_1,Trainning,2015,139.6988199,35.57555532,23.4118042,Google Street View
55782_2,Trainning,2015,139.6988199,35.57555532,23.4118042,Google Street View
55786_1,Trainning,2015,139.6990153,35.57596389,22.68150139,Google Street View
55787_1,Trainning,2015,139.6990642,35.57606603,22.95319748,Google Street View
55787_2,Trainning,2015,139.6990642,35.57606603,22.95319748,Google Street View
55790_1,Trainning,2015,139.6992107,35.57637245,23.12221527,Google Street View
55791_1,Trainning,2015,139.6992596,35.57647459,22.45285797,Google Street View
55793_1,Trainning,2015,139.6993573,35.57667887,22.72436714,Google Street View
55794_1,Trainning,2015,139.6994061,35.576781,17.45423317,Google Street View
55795_1,Trainning,2015,139.699455,35.57688314,19.3071785,Google Street View
55795_2,Trainning,2015,139.699455,35.57688314,19.3071785,Google Street View
55796_2,Trainning,2015,139.6995038,35.57698528,22.24100494,Google Street View
55798_1,Trainning,2015,139.6996015,35.57718956,22.83530617,Google Street View
55800_1,Trainning,2015,139.6996992,35.57739384,23.57214165,Google Street View
55801_1,Trainning,2015,139.6997481,35.57749598,23.87741661,Google Street View
55802_1,Trainning,2015,139.6997969,35.57759812,24.23496056,Google Street View
55803_1,Trainning,2015,139.6998458,35.57770025,24.9730854,Google Street View
55804_1,Trainning,2015,139.6998946,35.57780239,24.90799141,Google Street View
55805_1,Trainning,2015,139.6999435,35.57790453,22.22413635,Google Street View
55806_1,Trainning,2015,139.6999923,35.57800667,22.21563339,Google Street View
55808_1,Trainning,2015,139.70009,35.57821094,20.98830223,Google Street View
55809_1,Trainning,2015,139.7001389,35.57831308,20.32039642,Google Street View
55810_1,Trainning,2015,139.7001877,35.57841522,20.47157288,Google Street View
55813_2,Trainning,2015,139.7003343,35.57872163,22.61353111,Google Street View
55815_2,Trainning,2015,139.7004119,35.5788793,22.63418007,Google Street View
55817_1,Trainning,2015,139.7005134,35.57908234,22.90473557,Google Street View
55819_2,Trainning,2015,139.7006149,35.57928537,23.00677872,Google Street View
55820_1,Trainning,2015,139.7448056,35.65238889,5.494991779,Google Street View
55820_2,Trainning,2015,139.7448056,35.65238889,5.494991779,Google Street View
55821_2,Trainning,2015,139.7448056,35.65249838,5.514263153,Google Street View
55822_1,Trainning,2015,139.7448056,35.65260787,4.511870861,Google Street View
55824_1,Trainning,2015,139.7448056,35.65282685,3.374735117,Google Street View
55825_1,Trainning,2015,139.7448056,35.65293634,2.698829412,Google Street View
55826_1,Trainning,2015,139.7448056,35.65304584,3.376370907,Google Street View
55827_1,Trainning,2015,139.7448056,35.65315533,3.192287207,Google Street View
55828_1,Trainning,2015,139.7448056,35.65326482,3.237989664,Google Street View
55829_2,Trainning,2015,139.7448056,35.65337431,359.3892517,Google Street View
55830_1,Trainning,2015,139.7448056,35.6534838,357.2652893,Google Street View
55835_1,Trainning,2015,139.7448056,35.65403124,281.3036194,Google Street View
55836_1,Trainning,2015,139.7448056,35.65414073,277.9576416,Google Street View
55843_1,Trainning,2015,139.7448056,35.65488077,272.5864868,Google Street View
55856_1,Trainning,2015,139.7444205,35.65621449,64.9156723,Google Street View
55859_2,Trainning,2015,139.7442684,35.65651879,332.1339417,Google Street View
55864_1,Trainning,2015,139.7440148,35.65702596,58.58866882,Google Street View
55865_1,Trainning,2015,139.7439641,35.6571274,336.5117493,Google Street View
55865_2,Trainning,2015,139.7439641,35.6571274,336.5117493,Google Street View
55866_2,Trainning,2015,139.7439134,35.65722883,336.4440002,Google Street View
55869_1,Trainning,2015,139.7437612,35.65753313,155.7393036,Google Street View
55869_2,Trainning,2015,139.7437612,35.65753313,155.7393036,Google Street View
55876_1,Trainning,2015,139.7434062,35.65824316,337.1110535,Google Street View
55876_2,Trainning,2015,139.7434062,35.65824316,337.1110535,Google Street View
55878_2,Trainning,2015,139.7433048,35.65844603,337.4694519,Google Street View
55879_2,Trainning,2015,139.7432541,35.65854746,337.2292786,Google Street View
55880_2,Trainning,2015,139.7432033,35.65864889,336.6889343,Google Street View
55881_1,Trainning,2015,139.7431526,35.65875032,337.0195618,Google Street View
55881_2,Trainning,2015,139.7431526,35.65875032,337.0195618,Google Street View
55882_1,Trainning,2015,139.7431019,35.65885175,337.5708618,Google Street View
55883_2,Trainning,2015,139.7430512,35.65895318,338.2061768,Google Street View
55884_1,Trainning,2015,139.7430005,35.65905462,338.2346802,Google Street View
55885_2,Trainning,2015,139.7429498,35.65915605,338.843689,Google Street View
55886_1,Trainning,2015,139.742899,35.65925748,344.0639954,Google Street View
55888_1,Trainning,2015,139.7428827,35.65944139,350.8919983,Google Street View
55889_1,Trainning,2015,139.7429043,35.65954946,352.4003601,Google Street View
55889_2,Trainning,2015,139.7429043,35.65954946,352.4003601,Google Street View
55891_1,Trainning,2015,139.7429476,35.65976559,198.3610535,Google Street View
55891_2,Trainning,2015,139.7429476,35.65976559,198.3610535,Google Street View
55892_1,Trainning,2015,139.7429692,35.65987365,191.5749054,Google Street View
55892_2,Trainning,2015,139.7429692,35.65987365,191.5749054,Google Street View
55893_1,Trainning,2015,139.7429908,35.65998171,188.3886261,Google Street View
55893_2,Trainning,2015,139.7429908,35.65998171,188.3886261,Google Street View
55894_2,Trainning,2015,139.7430124,35.66008978,191.421402,Google Street View
55895_1,Trainning,2015,139.743034,35.66019784,192.7693329,Google Street View
55895_2,Trainning,2015,139.743034,35.66019784,192.7693329,Google Street View
55896_1,Trainning,2015,139.7430556,35.6603059,194.6348267,Google Street View
55896_2,Trainning,2015,139.7430556,35.6603059,194.6348267,Google Street View
55899_2,Trainning,2015,139.7431205,35.66063009,21.62610817,Google Street View
55900_1,Trainning,2015,139.7431497,35.66073576,23.9928093,Google Street View
55902_2,Trainning,2015,139.7432966,35.66091934,27.72359848,Google Street View
55903_1,Trainning,2015,139.74337,35.66101114,29.40736008,Google Street View
55903_2,Trainning,2015,139.74337,35.66101114,29.40736008,Google Street View
55904_1,Trainning,2015,139.7434435,35.66110293,32.49602127,Google Street View
55905_1,Trainning,2015,139.7435169,35.66119472,34.11086655,Google Street View
55906_2,Trainning,2015,139.7435903,35.66128651,34.79070663,Google Street View
55907_2,Trainning,2015,139.7436638,35.66137831,34.30620956,Google Street View
55908_2,Trainning,2015,139.7437372,35.6614701,33.47008896,Google Street View
55909_1,Trainning,2015,139.7438106,35.66156189,32.92231369,Google Street View
55909_2,Trainning,2015,139.7438106,35.66156189,32.92231369,Google Street View
55910_1,Trainning,2015,139.7438841,35.66165369,32.41783905,Google Street View
55911_1,Trainning,2015,139.7439575,35.66174548,32.03682327,Google Street View
55911_2,Trainning,2015,139.7439575,35.66174548,32.03682327,Google Street View
55913_2,Trainning,2015,139.7441044,35.66192906,34.21095276,Google Street View
55914_2,Trainning,2015,139.7441778,35.66202086,37.44769669,Google Street View
55915_2,Trainning,2015,139.7442512,35.66211268,37.7799263,Google Street View
55916_1,Trainning,2015,139.7443213,35.66220616,37.68261719,Google Street View
55916_2,Trainning,2015,139.7443213,35.66220616,37.68261719,Google Street View
55917_1,Trainning,2015,139.7443914,35.66229965,217.3415833,Google Street View
55917_2,Trainning,2015,139.7443914,35.66229965,217.3415833,Google Street View
55918_1,Trainning,2015,139.7444615,35.66239314,37.16812515,Google Street View
55918_2,Trainning,2015,139.7444615,35.66239314,37.16812515,Google Street View
55932_1,Trainning,2015,139.7059343,35.5867702,212.0983734,Google Street View
55933_1,Trainning,2015,139.7059934,35.58686868,212.0016022,Google Street View
55939_1,Trainning,2015,139.706348,35.58745957,28.68599129,Google Street View
55939_2,Trainning,2015,139.706348,35.58745957,28.68599129,Google Street View
55940_1,Trainning,2015,139.7064071,35.58755806,28.89093971,Google Street View
55940_2,Trainning,2015,139.7064071,35.58755806,28.89093971,Google Street View
55943_1,Trainning,2015,139.7065424,35.58776022,31.47372627,Google Street View
55944_1,Trainning,2015,139.7066125,35.58785377,32.07766724,Google Street View
55945_1,Trainning,2015,139.7066827,35.58794733,32.16433334,Google Street View
55946_1,Trainning,2015,139.7067529,35.58804088,31.940485,Google Street View
55947_1,Trainning,2015,139.706823,35.58813443,32.81663895,Google Street View
55948_1,Trainning,2015,139.7068932,35.58822798,31.60985374,Google Street View
55949_1,Trainning,2015,139.7069634,35.58832153,32.31483459,Google Street View
55950_1,Trainning,2015,139.7070335,35.58841508,15.56829929,Google Street View
55950_2,Trainning,2015,139.7070335,35.58841508,15.56829929,Google Street View
55952_2,Trainning,2015,139.7071739,35.58860219,32.27732849,Google Street View
55953_1,Trainning,2015,139.707244,35.58869574,32.20908737,Google Street View
55954_1,Trainning,2015,139.7073056,35.58877778,32.41661835,Google Street View
55954_2,Trainning,2015,139.7073056,35.58877778,32.41661835,Google Street View
55955_1,Trainning,2015,139.707379,35.58886963,31.21692467,Google Street View
55956_1,Trainning,2015,139.7074525,35.58896148,31.0934124,Google Street View
55957_1,Trainning,2015,139.707526,35.58905334,31.25273705,Google Street View
55959_1,Trainning,2015,139.707673,35.58923704,31.31116295,Google Street View
55959_2,Trainning,2015,139.707673,35.58923704,31.31116295,Google Street View
55960_1,Trainning,2015,139.7077464,35.58932889,32.07341003,Google Street View
55961_1,Trainning,2015,139.7078199,35.58942074,31.66658401,Google Street View
55962_1,Trainning,2015,139.7078934,35.58951259,32.77244186,Google Street View
55963_1,Trainning,2015,139.7079669,35.58960444,32.82697678,Google Street View
55963_2,Trainning,2015,139.7079669,35.58960444,32.82697678,Google Street View
55964_2,Trainning,2015,139.7080404,35.5896963,269.9551697,Google Street View
55965_1,Trainning,2015,139.7081138,35.58978815,32.24733353,Google Street View
55965_2,Trainning,2015,139.7081138,35.58978815,32.24733353,Google Street View
55966_1,Trainning,2015,139.7081873,35.58988,32.18487167,Google Street View
55966_2,Trainning,2015,139.7081873,35.58988,32.18487167,Google Street View
55967_1,Trainning,2015,139.7082608,35.58997185,32.06657791,Google Street View
55967_2,Trainning,2015,139.7082608,35.58997185,32.06657791,Google Street View
55968_1,Trainning,2015,139.7083343,35.5900637,31.80485535,Google Street View
55970_2,Trainning,2015,139.7084812,35.5902474,31.89363861,Google Street View
55972_2,Trainning,2015,139.7086282,35.5904311,32.04727936,Google Street View
55973_1,Trainning,2015,139.7087017,35.59052295,32.09336853,Google Street View
55973_2,Trainning,2015,139.7087017,35.59052295,32.09336853,Google Street View
55974_1,Trainning,2015,139.7087752,35.5906148,32.03628922,Google Street View
55974_2,Trainning,2015,139.7087752,35.5906148,32.03628922,Google Street View
55975_1,Trainning,2015,139.7088486,35.59070665,31.89977455,Google Street View
55975_2,Trainning,2015,139.7088486,35.59070665,31.89977455,Google Street View
55976_1,Trainning,2015,139.7089221,35.5907985,31.91152191,Google Street View
55977_1,Trainning,2015,139.7089956,35.59089035,31.98855972,Google Street View
55980_2,Trainning,2015,139.709216,35.5911659,32.02283478,Google Street View
55981_2,Trainning,2015,139.7092895,35.59125775,32.02797699,Google Street View
55985_2,Trainning,2015,139.7095834,35.59162514,32.26961136,Google Street View
55987_2,Trainning,2015,139.7097304,35.59180884,32.72517395,Google Street View
55988_1,Trainning,2015,139.7098039,35.59190069,212.3255157,Google Street View
55988_2,Trainning,2015,139.7098039,35.59190069,212.3255157,Google Street View
55990_2,Trainning,2015,139.7099508,35.59208439,212.1601563,Google Street View
55991_2,Trainning,2015,139.7100243,35.59217623,212.0523682,Google Street View
56003_1,Trainning,2015,139.7108315,35.59323343,216.7051544,Google Street View
56005_1,Trainning,2015,139.71096,35.59342608,215.8584747,Google Street View
56007_1,Trainning,2015,139.7110884,35.59361874,211.4719543,Google Street View
56008_1,Trainning,2015,139.7111526,35.59371507,204.1719513,Google Street View
56009_1,Trainning,2015,139.7112008,35.59381567,207.684082,Google Street View
56010_1,Trainning,2015,139.7112189,35.59392425,20.91043472,Google Street View
56010_2,Trainning,2015,139.7112189,35.59392425,20.91043472,Google Street View
56011_1,Trainning,2015,139.7112369,35.59403283,19.54920387,Google Street View
56011_2,Trainning,2015,139.7112369,35.59403283,19.54920387,Google Street View
56012_1,Trainning,2015,139.711255,35.59414141,18.30823326,Google Street View
56013_1,Trainning,2015,139.7112731,35.59424999,16.50077438,Google Street View
56014_1,Trainning,2015,139.7112912,35.59435856,15.98941231,Google Street View
56015_1,Trainning,2015,139.7113093,35.59446714,14.04866886,Google Street View
56016_1,Trainning,2015,139.7113274,35.59457572,12.48272705,Google Street View
56017_2,Trainning,2015,139.7113455,35.5946843,11.24167919,Google Street View
56018_1,Trainning,2015,139.7113636,35.59479288,9.236773491,Google Street View
56018_2,Trainning,2015,139.7113636,35.59479288,9.236773491,Google Street View
56020_2,Trainning,2015,139.7113998,35.59501003,328.9416504,Google Street View
56023_1,Trainning,2015,139.7114541,35.59533576,10.22053337,Google Street View
56029_1,Trainning,2015,139.7115681,35.59587573,9.319213867,Google Street View
56035_1,Trainning,2015,139.7117118,35.59652267,9.826078415,Google Street View
56035_2,Trainning,2015,139.7117118,35.59652267,9.826078415,Google Street View
56036_2,Trainning,2015,139.7117358,35.59663049,10.15790462,Google Street View
56038_1,Trainning,2015,139.7117837,35.59684613,10.09352112,Google Street View
56038_2,Trainning,2015,139.7117837,35.59684613,10.09352112,Google Street View
56160_2,Trainning,2015,139.7012298,35.58031823,22.95787239,Google Street View
56161_2,Trainning,2015,139.7012889,35.58041672,23.06042099,Google Street View
56162_2,Trainning,2015,139.701348,35.58051521,22.63269806,Google Street View
56164_2,Trainning,2015,139.7014662,35.58071219,22.43910599,Google Street View
56171_1,Trainning,2015,139.7018799,35.58140161,204.0193787,Google Street View
56171_2,Trainning,2015,139.7018799,35.58140161,204.0193787,Google Street View
56172_1,Trainning,2015,139.7019389,35.58150009,206.6581573,Google Street View
56172_2,Trainning,2015,139.7019389,35.58150009,206.6581573,Google Street View
56175_2,Trainning,2015,139.7021162,35.58179556,209.1883392,Google Street View
56176_1,Trainning,2015,139.7021753,35.58189404,209.8166809,Google Street View
56177_1,Trainning,2015,139.7022344,35.58199253,30.31138611,Google Street View
56187_2,Trainning,2015,139.7029519,35.58291908,32.11594009,Google Street View
56188_1,Trainning,2015,139.7030254,35.58301094,211.9097443,Google Street View
56189_2,Trainning,2015,139.7030989,35.5831028,212.2474976,Google Street View
56192_2,Trainning,2015,139.7033193,35.58337837,212.2646179,Google Street View
56193_2,Trainning,2015,139.7033928,35.58347022,211.8873749,Google Street View
56194_2,Trainning,2015,139.7034663,35.58356208,212.0659027,Google Street View
56195_2,Trainning,2015,139.7035398,35.58365393,211.9635773,Google Street View
56196_1,Trainning,2015,139.7036133,35.58374579,212.1917419,Google Street View
56196_2,Trainning,2015,139.7036133,35.58374579,212.1917419,Google Street View
56198_1,Trainning,2015,139.7037602,35.5839295,212.3721313,Google Street View
56199_1,Trainning,2015,139.7038337,35.58402136,212.1932526,Google Street View
56200_1,Trainning,2015,139.7039072,35.58411321,211.9841003,Google Street View
56201_1,Trainning,2015,139.7039807,35.58420507,211.5362396,Google Street View
56201_2,Trainning,2015,139.7039807,35.58420507,211.5362396,Google Street View
56202_1,Trainning,2015,139.7040542,35.58429692,212.5382843,Google Street View
56202_2,Trainning,2015,139.7040542,35.58429692,212.5382843,Google Street View
56224_1,Trainning,2015,139.71425,35.6085,10.15333843,Google Street View
56224_2,Trainning,2015,139.71425,35.6085,10.15333843,Google Street View
56225_1,Trainning,2015,139.7142792,35.60860695,11.44626236,Google Street View
56226_1,Trainning,2015,139.7143083,35.60871391,16.26122475,Google Street View
56226_2,Trainning,2015,139.7143083,35.60871391,16.26122475,Google Street View
56227_1,Trainning,2015,139.7143375,35.60882086,10.74854946,Google Street View
56227_2,Trainning,2015,139.7143375,35.60882086,10.74854946,Google Street View
56228_1,Trainning,2015,139.7143667,35.60892781,10.31463909,Google Street View
56230_1,Trainning,2015,139.714425,35.60914172,9.912146568,Google Street View
56230_2,Trainning,2015,139.714425,35.60914172,9.912146568,Google Street View
56232_2,Trainning,2015,139.7144833,35.60935563,44.50901031,Google Street View
56233_1,Trainning,2015,139.7145125,35.60946258,19.38341904,Google Street View
56233_2,Trainning,2015,139.7145125,35.60946258,19.38341904,Google Street View
56234_1,Trainning,2015,139.7145417,35.60956953,17.3542366,Google Street View
56235_1,Trainning,2015,139.7145709,35.60967649,12.04642391,Google Street View
56235_2,Trainning,2015,139.7145709,35.60967649,12.04642391,Google Street View
56236_1,Trainning,2015,139.7146,35.60978344,12.6727457,Google Street View
56237_2,Trainning,2015,139.7146292,35.60989039,16.153265,Google Street View
56241_2,Trainning,2015,139.7147459,35.6103182,17.05485153,Google Street View
56242_1,Trainning,2015,139.714775,35.61042515,17.10940552,Google Street View
56242_2,Trainning,2015,139.714775,35.61042515,17.10940552,Google Street View
56243_1,Trainning,2015,139.7148042,35.6105321,15.05521393,Google Street View
56245_1,Trainning,2015,139.7148625,35.610746,13.35167599,Google Street View
56245_2,Trainning,2015,139.7148625,35.610746,13.35167599,Google Street View
56247_1,Trainning,2015,139.7149209,35.6109599,16.44487381,Google Street View
56248_1,Trainning,2015,139.71495,35.61106685,16.12053871,Google Street View
56251_1,Trainning,2015,139.7150376,35.61138771,17.74970436,Google Street View
56251_2,Trainning,2015,139.7150376,35.61138771,17.74970436,Google Street View
56252_1,Trainning,2015,139.7150667,35.61149466,268.3499756,Google Street View
56256_1,Trainning,2015,139.7152163,35.6118659,17.62489128,Google Street View
56257_2,Trainning,2015,139.7152607,35.61196935,16.3919487,Google Street View
56260_1,Trainning,2015,139.7153937,35.61227969,17.24318123,Google Street View
56260_2,Trainning,2015,139.7153937,35.61227969,17.24318123,Google Street View
56261_1,Trainning,2015,139.715438,35.61238314,16.96901131,Google Street View
56261_2,Trainning,2015,139.715438,35.61238314,16.96901131,Google Street View
56263_1,Trainning,2015,139.7155267,35.61259004,17.60597801,Google Street View
56266_1,Trainning,2015,139.7156597,35.61290038,22.41714668,Google Street View
56268_1,Trainning,2015,139.7157483,35.61310727,17.23997688,Google Street View
56270_1,Trainning,2015,139.715837,35.61331416,16.99188995,Google Street View
56272_2,Trainning,2015,139.7159257,35.61352105,16.60038376,Google Street View
56273_1,Trainning,2015,139.71597,35.6136245,16.83763695,Google Street View
56274_1,Trainning,2015,139.7160143,35.61372794,17.06888199,Google Street View
56275_1,Trainning,2015,139.7160587,35.61383139,338.137085,Google Street View
56275_2,Trainning,2015,139.7160587,35.61383139,338.137085,Google Street View
56277_1,Trainning,2015,139.7161473,35.61403828,17.28952026,Google Street View
56277_2,Trainning,2015,139.7161473,35.61403828,17.28952026,Google Street View
56288_1,Trainning,2015,139.716635,35.61517616,20.63951302,Google Street View
56288_2,Trainning,2015,139.716635,35.61517616,20.63951302,Google Street View
56289_1,Trainning,2015,139.7166794,35.61527961,201.0635071,Google Street View
56289_2,Trainning,2015,139.7166794,35.61527961,201.0635071,Google Street View
56290_1,Trainning,2015,139.7167237,35.61538305,20.99714661,Google Street View
56295_1,Trainning,2015,139.7169771,35.61584182,201.741806,Google Street View
56296_1,Trainning,2015,139.7170338,35.61594117,201.3845367,Google Street View
56299_2,Trainning,2015,139.7172041,35.61623921,201.4424438,Google Street View
56300_2,Trainning,2015,139.7172609,35.61633855,201.5216675,Google Street View
56301_1,Trainning,2015,139.7173177,35.6164379,204.0008087,Google Street View
56301_2,Trainning,2015,139.7173177,35.6164379,204.0008087,Google Street View
56302_1,Trainning,2015,139.7173745,35.61653724,203.6080475,Google Street View
56303_1,Trainning,2015,139.7174312,35.61663659,187.1001587,Google Street View
56304_1,Trainning,2015,139.717488,35.61673593,199.6318665,Google Street View
56305_1,Trainning,2015,139.7175448,35.61683527,197.5258331,Google Street View
56306_1,Trainning,2015,139.7176015,35.61693462,196.8708801,Google Street View
56308_1,Trainning,2015,139.7177151,35.61713331,205.144043,Google Street View
56310_1,Trainning,2015,139.7178286,35.617332,207.1981964,Google Street View
56310_2,Trainning,2015,139.7178286,35.617332,207.1981964,Google Street View
56311_1,Trainning,2015,139.7178611,35.61738889,206.7615814,Google Street View
56312_2,Trainning,2015,139.7178611,35.61749843,205.1003571,Google Street View
56313_1,Trainning,2015,139.7178611,35.61760797,201.5817566,Google Street View
56313_2,Trainning,2015,139.7178611,35.61760797,201.5817566,Google Street View
56314_1,Trainning,2015,139.7178611,35.61771751,201.5997009,Google Street View
56314_2,Trainning,2015,139.7178611,35.61771751,201.5997009,Google Street View
56315_1,Trainning,2015,139.7178611,35.61782705,21.78317261,Google Street View
56319_1,Trainning,2015,139.7179703,35.61814471,21.76483345,Google Street View
56320_1,Trainning,2015,139.718025,35.61824485,21.72338676,Google Street View
56321_1,Trainning,2015,139.7180796,35.61834498,21.67808151,Google Street View
56321_2,Trainning,2015,139.7180796,35.61834498,21.67808151,Google Street View
56322_1,Trainning,2015,139.7181342,35.61844512,21.03085518,Google Street View
56322_2,Trainning,2015,139.7181342,35.61844512,21.03085518,Google Street View
56324_2,Trainning,2015,139.7182434,35.61864539,18.33706284,Google Street View
56325_2,Trainning,2015,139.7182981,35.61874553,194.3887177,Google Street View
56326_2,Trainning,2015,139.7183527,35.61884566,190.0437469,Google Street View
56327_1,Trainning,2015,139.7184073,35.6189458,183.7200775,Google Street View
56327_2,Trainning,2015,139.7184073,35.6189458,183.7200775,Google Street View
56344_2,Trainning,2015,139.7193358,35.62064807,233.463562,Google Street View
56346_1,Trainning,2015,139.7194451,35.62084834,227.8414307,Google Street View
56349_2,Trainning,2015,139.7195785,35.62110147,31.4824028,Google Street View
56350_1,Trainning,2015,139.7196293,35.62120295,38.86292267,Google Street View
56350_2,Trainning,2015,139.7196293,35.62120295,38.86292267,Google Street View
56352_1,Trainning,2015,139.7197307,35.62140589,24.38239861,Google Street View
56352_2,Trainning,2015,139.7197307,35.62140589,24.38239861,Google Street View
56353_1,Trainning,2015,139.7197815,35.62150737,25.83839417,Google Street View
56356_1,Trainning,2015,139.7199337,35.62181178,22.55687904,Google Street View
56357_1,Trainning,2015,139.7199844,35.62191325,22.71276093,Google Street View
56358_1,Trainning,2015,139.7200351,35.62201473,22.67378807,Google Street View
56359_1,Trainning,2015,139.7200859,35.6221162,22.63614464,Google Street View
56360_1,Trainning,2015,139.7201366,35.62221767,21.51631546,Google Street View
56361_1,Trainning,2015,139.7201873,35.62231914,21.13228226,Google Street View
56361_2,Trainning,2015,139.7201873,35.62231914,21.13228226,Google Street View
56362_2,Trainning,2015,139.7202381,35.62242061,21.19936562,Google Street View
56363_1,Trainning,2015,139.7202888,35.62252209,21.48024178,Google Street View
56364_2,Trainning,2015,139.7203396,35.62262356,21.68040466,Google Street View
56365_1,Trainning,2015,139.7203903,35.62272503,20.74357033,Google Street View
56365_2,Trainning,2015,139.7203903,35.62272503,20.74357033,Google Street View
56367_1,Trainning,2015,139.7204918,35.62292797,18.4352951,Google Street View
56368_2,Trainning,2015,139.7205425,35.62302944,17.53364563,Google Street View
56369_1,Trainning,2015,139.7205932,35.62313091,19.2652359,Google Street View
56372_2,Trainning,2015,139.7207454,35.62343532,20.99989319,Google Street View
56373_1,Trainning,2015,139.7207962,35.62353679,21.7350769,Google Street View
56374_2,Trainning,2015,139.7208469,35.62363826,21.24349403,Google Street View
56379_2,Trainning,2015,139.7210417,35.62409027,67.94710541,Google Street View
56380_1,Trainning,2015,139.7210833,35.62419443,32.28257751,Google Street View
56385_2,Trainning,2015,139.7212916,35.62471524,21.59427834,Google Street View
56387_1,Trainning,2015,139.721375,35.62492357,22.13846016,Google Street View
56389_2,Trainning,2015,139.7214583,35.62513189,23.41697693,Google Street View
56391_1,Trainning,2015,139.7215734,35.62523897,346.7022095,Google Street View
56391_2,Trainning,2015,139.7215734,35.62523897,346.7022095,Google Street View
56393_1,Trainning,2015,139.7217759,35.62538357,213.2949066,Google Street View
56393_2,Trainning,2015,139.7217759,35.62538357,213.2949066,Google Street View
56394_1,Trainning,2015,139.7218771,35.62545587,214.2938385,Google Street View
56395_1,Trainning,2015,139.7219783,35.62552817,218.640213,Google Street View
56395_2,Trainning,2015,139.7219783,35.62552817,218.640213,Google Street View
56396_1,Trainning,2015,139.7220795,35.62560047,225.8643646,Google Street View
56396_2,Trainning,2015,139.7220795,35.62560047,225.8643646,Google Street View
56397_1,Trainning,2015,139.7221808,35.62567277,229.5822906,Google Street View
56397_2,Trainning,2015,139.7221808,35.62567277,229.5822906,Google Street View
56398_1,Trainning,2015,139.722282,35.62574507,231.077774,Google Street View
56399_1,Trainning,2015,139.7223832,35.62581737,231.1673584,Google Street View
56400_2,Trainning,2015,139.7224844,35.62588967,231.4529877,Google Street View
56401_1,Trainning,2015,139.7225856,35.62596196,231.5710297,Google Street View
56402_1,Trainning,2015,139.7226868,35.62603426,231.5443115,Google Street View
56402_2,Trainning,2015,139.7226868,35.62603426,231.5443115,Google Street View
56403_1,Trainning,2015,139.7227881,35.62610656,230.9449921,Google Street View
56403_2,Trainning,2015,139.7227881,35.62610656,230.9449921,Google Street View
56405_2,Trainning,2015,139.7229905,35.62625116,231.4895172,Google Street View
56419_1,Trainning,2015,139.7243409,35.62719194,266.5668335,Google Street View
56419_2,Trainning,2015,139.7243409,35.62719194,266.5668335,Google Street View
56424_1,Trainning,2015,139.7247956,35.62759608,45.72969818,Google Street View
56424_2,Trainning,2015,139.7247956,35.62759608,45.72969818,Google Street View
56425_1,Trainning,2015,139.7248865,35.6276769,44.59647751,Google Street View
56426_1,Trainning,2015,139.7249774,35.62775773,43.79270935,Google Street View
56426_2,Trainning,2015,139.7249774,35.62775773,43.79270935,Google Street View
56427_1,Trainning,2015,139.7250684,35.62783856,43.60896301,Google Street View
56428_1,Trainning,2015,139.7251593,35.62791939,44.86005402,Google Street View
56429_1,Trainning,2015,139.7252502,35.62800021,46.85334396,Google Street View
56430_1,Trainning,2015,139.7253412,35.62808104,45.86377335,Google Street View
56431_1,Trainning,2015,139.7254321,35.62816187,44.98831177,Google Street View
56432_1,Trainning,2015,139.725523,35.6282427,44.70131683,Google Street View
56434_1,Trainning,2015,139.7257049,35.62840435,42.97579193,Google Street View
56435_1,Trainning,2015,139.7257958,35.62848518,42.68060303,Google Street View
56436_1,Trainning,2015,139.7258867,35.628566,41.3356781,Google Street View
56436_2,Trainning,2015,139.7258867,35.628566,41.3356781,Google Street View
56437_1,Trainning,2015,139.7259777,35.62864683,40.67147446,Google Street View
56438_1,Trainning,2015,139.7260686,35.62872766,40.27191162,Google Street View
56438_2,Trainning,2015,139.7260686,35.62872766,40.27191162,Google Street View
56439_2,Trainning,2015,139.7261595,35.62880848,39.65631866,Google Street View
56441_1,Trainning,2015,139.7263414,35.62897013,218.4438629,Google Street View
56442_2,Trainning,2015,139.7264323,35.62905096,39.61470795,Google Street View
56444_1,Trainning,2015,139.7266142,35.62921261,39.90884018,Google Street View
56444_2,Trainning,2015,139.7266142,35.62921261,39.90884018,Google Street View
56445_1,Trainning,2015,139.7267051,35.62929344,44.4961319,Google Street View
56447_1,Trainning,2015,139.7268561,35.62940085,47.13863373,Google Street View
56447_2,Trainning,2015,139.7268561,35.62940085,47.13863373,Google Street View
56448_1,Trainning,2015,139.7269622,35.62946836,44.21070862,Google Street View
56450_1,Trainning,2015,139.7271744,35.6296034,64.13413239,Google Street View
56451_1,Trainning,2015,139.7272805,35.62967092,56.70398712,Google Street View
56452_2,Trainning,2015,139.7273866,35.62973843,55.90003204,Google Street View
56453_2,Trainning,2015,139.7274927,35.62980595,56.02680206,Google Street View
56454_1,Trainning,2015,139.7275988,35.62987347,56.57248306,Google Street View
56454_2,Trainning,2015,139.7275988,35.62987347,56.57248306,Google Street View
56456_1,Trainning,2015,139.727811,35.6300085,56.37692642,Google Street View
56457_1,Trainning,2015,139.7279171,35.63007602,56.44718933,Google Street View
56459_1,Trainning,2015,139.7281293,35.63021105,56.52925491,Google Street View
56459_2,Trainning,2015,139.7281293,35.63021105,56.52925491,Google Street View
56460_1,Trainning,2015,139.7282354,35.63027857,55.19841003,Google Street View
56460_2,Trainning,2015,139.7282354,35.63027857,55.19841003,Google Street View
56461_2,Trainning,2015,139.7283415,35.63034608,54.68226242,Google Street View
56462_2,Trainning,2015,139.7284476,35.6304136,53.73400116,Google Street View
56463_2,Trainning,2015,139.7285537,35.63048112,48.80987167,Google Street View
56465_1,Trainning,2015,139.7287658,35.63061615,46.02079773,Google Street View
56467_1,Trainning,2015,139.728978,35.63075118,45.29795456,Google Street View
56468_1,Trainning,2015,139.7290841,35.6308187,47.18660736,Google Street View
56469_1,Trainning,2015,139.7291902,35.63088621,44.12606049,Google Street View
56469_2,Trainning,2015,139.7291902,35.63088621,44.12606049,Google Street View
56481_1,Trainning,2015,139.7303155,35.63178771,47.53874588,Google Street View
56483_1,Trainning,2015,139.7304855,35.63195769,36.35506058,Google Street View
56484_2,Trainning,2015,139.7305705,35.63204267,200.5528259,Google Street View
56485_1,Trainning,2015,139.7306421,35.63213227,49.00365448,Google Street View
56485_2,Trainning,2015,139.7306421,35.63213227,49.00365448,Google Street View
56486_1,Trainning,2015,139.7306589,35.63224095,23.95060349,Google Street View
56486_2,Trainning,2015,139.7306589,35.63224095,23.95060349,Google Street View
56487_1,Trainning,2015,139.7306756,35.63234962,80.7040329,Google Street View
56487_2,Trainning,2015,139.7306756,35.63234962,80.7040329,Google Street View
56489_2,Trainning,2015,139.730709,35.63256697,8.871641159,Google Street View
56490_1,Trainning,2015,139.7307257,35.63267564,8.321063042,Google Street View
56490_2,Trainning,2015,139.7307257,35.63267564,8.321063042,Google Street View
56492_2,Trainning,2015,139.7307592,35.63289298,7.466515064,Google Street View
56493_1,Trainning,2015,139.7307759,35.63300165,6.735983372,Google Street View
56496_1,Trainning,2015,139.730826,35.63332767,287.9403992,Google Street View
56499_1,Trainning,2015,139.7308762,35.63365368,6.926326275,Google Street View
56500_1,Trainning,2015,139.7308929,35.63376235,6.922447205,Google Street View
56500_2,Trainning,2015,139.7308929,35.63376235,6.922447205,Google Street View
56501_2,Trainning,2015,139.7309096,35.63387102,7.164106369,Google Street View
56503_1,Trainning,2015,139.7309431,35.63408836,7.660729885,Google Street View
56503_2,Trainning,2015,139.7309431,35.63408836,7.660729885,Google Street View
56504_1,Trainning,2015,139.7309598,35.63419703,7.671765327,Google Street View
56504_2,Trainning,2015,139.7309598,35.63419703,7.671765327,Google Street View
56505_1,Trainning,2015,139.7309765,35.6343057,7.321732044,Google Street View
56505_2,Trainning,2015,139.7309765,35.6343057,7.321732044,Google Street View
56506_1,Trainning,2015,139.7309932,35.63441437,7.073846817,Google Street View
56509_1,Trainning,2015,139.7310434,35.63474038,5.696771145,Google Street View
56510_1,Trainning,2015,139.7310601,35.63484905,5.402842522,Google Street View
56511_1,Trainning,2015,139.7310768,35.63495772,5.275092125,Google Street View
56513_1,Trainning,2015,139.7311103,35.63517506,5.692566872,Google Street View
56515_1,Trainning,2015,139.7311437,35.63539239,7.832880974,Google Street View
56516_1,Trainning,2015,139.7311604,35.63550106,1.605115056,Google Street View
56517_1,Trainning,2015,139.7311771,35.63560973,5.778652668,Google Street View
56523_1,Trainning,2015,139.7312429,35.6361585,8.473664284,Google Street View
56524_1,Trainning,2015,139.731255,35.63626757,8.819005013,Google Street View
56528_1,Trainning,2015,139.7313035,35.63670385,8.950631142,Google Street View
56531_1,Trainning,2015,139.7313399,35.63703105,8.963823318,Google Street View
56535_1,Trainning,2015,139.7313883,35.63746733,8.486886024,Google Street View
56536_1,Trainning,2015,139.7314005,35.6375764,8.568903923,Google Street View
56538_1,Trainning,2015,139.7314247,35.63779453,8.804853439,Google Street View
56543_1,Trainning,2015,139.7315269,35.63833166,8.610710144,Google Street View
56545_1,Trainning,2015,139.7316284,35.63853456,9.324687004,Google Street View
56546_1,Trainning,2015,139.7316791,35.63863602,9.961689949,Google Street View
56547_1,Trainning,2015,139.7317298,35.63873747,11.07009411,Google Street View
56547_2,Trainning,2015,139.7317298,35.63873747,11.07009411,Google Street View
56548_1,Trainning,2015,139.7317806,35.63883893,9.69460392,Google Street View
56548_2,Trainning,2015,139.7317806,35.63883893,9.69460392,Google Street View
56549_1,Trainning,2015,139.7318313,35.63894038,16.14551353,Google Street View
56549_2,Trainning,2015,139.7318313,35.63894038,16.14551353,Google Street View
56554_1,Trainning,2015,139.7320849,35.63944765,26.58983231,Google Street View
56554_2,Trainning,2015,139.7320849,35.63944765,26.58983231,Google Street View
56555_2,Trainning,2015,139.7321357,35.6395491,27.43040657,Google Street View
56556_2,Trainning,2015,139.7321864,35.63965055,27.22562981,Google Street View
56557_1,Trainning,2015,139.7322371,35.639752,26.99801254,Google Street View
56560_1,Trainning,2015,139.7323893,35.64005636,14.69508934,Google Street View
56560_2,Trainning,2015,139.7323893,35.64005636,14.69508934,Google Street View
56564_1,Trainning,2015,139.7325833,35.64044444,62.43265152,Google Street View
56564_2,Trainning,2015,139.7325833,35.64044444,62.43265152,Google Street View
56565_1,Trainning,2015,139.7326388,35.64054425,24.09805489,Google Street View
56565_2,Trainning,2015,139.7326388,35.64054425,24.09805489,Google Street View
56566_1,Trainning,2015,139.7326942,35.64064405,24.20922661,Google Street View
56567_1,Trainning,2015,139.7327497,35.64074386,23.90375137,Google Street View
56568_1,Trainning,2015,139.7328051,35.64084367,23.87489891,Google Street View
56569_1,Trainning,2015,139.7328606,35.64094347,24.01711082,Google Street View
56569_2,Trainning,2015,139.7328606,35.64094347,24.01711082,Google Street View
56571_2,Trainning,2015,139.7329715,35.64114308,24.02546883,Google Street View
56572_1,Trainning,2015,139.7330269,35.64124289,23.96281242,Google Street View
56572_2,Trainning,2015,139.7330269,35.64124289,23.96281242,Google Street View
56577_1,Trainning,2015,139.7333041,35.64174192,23.41290092,Google Street View
56578_2,Trainning,2015,139.7333596,35.64184172,157.0739594,Google Street View
56579_2,Trainning,2015,139.733415,35.64194153,22.98695374,Google Street View
56580_1,Trainning,2015,139.7334705,35.64204133,24.18861771,Google Street View
56580_2,Trainning,2015,139.7334705,35.64204133,24.18861771,Google Street View
56581_2,Trainning,2015,139.7335259,35.64214114,24.99942398,Google Street View
56584_1,Trainning,2015,139.7336923,35.64244055,24.19859695,Google Street View
56585_2,Trainning,2015,139.7337477,35.64254036,23.83862305,Google Street View
56589_1,Trainning,2015,139.7339695,35.64293957,86.17471313,Google Street View
56589_2,Trainning,2015,139.7339695,35.64293957,86.17471313,Google Street View
56591_1,Trainning,2015,139.7340946,35.64299032,25.19655418,Google Street View
56591_2,Trainning,2015,139.7340946,35.64299032,25.19655418,Google Street View
56592_2,Trainning,2015,139.7342169,35.6430362,323.9580383,Google Street View
56595_1,Trainning,2015,139.734584,35.64317385,107.7350464,Google Street View
56597_1,Trainning,2015,139.7348287,35.64326561,61.07735443,Google Street View
56597_2,Trainning,2015,139.7348287,35.64326561,61.07735443,Google Street View
56598_1,Trainning,2015,139.734951,35.64331149,59.94678116,Google Street View
56598_2,Trainning,2015,139.734951,35.64331149,59.94678116,Google Street View
56599_1,Trainning,2015,139.7350734,35.64335737,61.1305275,Google Street View
56599_2,Trainning,2015,139.7350734,35.64335737,61.1305275,Google Street View
56600_1,Trainning,2015,139.7351957,35.64340325,61.06715393,Google Street View
56600_2,Trainning,2015,139.7351957,35.64340325,61.06715393,Google Street View
56601_1,Trainning,2015,139.7353181,35.64344914,60.94289398,Google Street View
56601_2,Trainning,2015,139.7353181,35.64344914,60.94289398,Google Street View
56603_1,Trainning,2015,139.7355628,35.6435409,240.7793274,Google Street View
56603_2,Trainning,2015,139.7355628,35.6435409,240.7793274,Google Street View
56604_2,Trainning,2015,139.7356851,35.64358678,240.1670532,Google Street View
56605_1,Trainning,2015,139.7358075,35.64363266,240.8594666,Google Street View
56605_2,Trainning,2015,139.7358075,35.64363266,240.8594666,Google Street View
56606_1,Trainning,2015,139.7359298,35.64367854,241.0013123,Google Street View
56606_2,Trainning,2015,139.7359298,35.64367854,241.0013123,Google Street View
56607_2,Trainning,2015,139.7360522,35.64372442,240.754364,Google Street View
56608_1,Trainning,2015,139.7361745,35.6437703,237.3493042,Google Street View
56608_2,Trainning,2015,139.7361745,35.6437703,237.3493042,Google Street View
56610_1,Trainning,2015,139.7363063,35.64383881,236.5882874,Google Street View
56610_2,Trainning,2015,139.7363063,35.64383881,236.5882874,Google Street View
56611_1,Trainning,2015,139.7364182,35.64389983,338.4683228,Google Street View
56611_2,Trainning,2015,139.7364182,35.64389983,338.4683228,Google Street View
56612_1,Trainning,2015,139.7365301,35.64396086,56.97277451,Google Street View
56612_2,Trainning,2015,139.7365301,35.64396086,56.97277451,Google Street View
56613_1,Trainning,2015,139.736642,35.64402189,234.8806458,Google Street View
56613_2,Trainning,2015,139.736642,35.64402189,234.8806458,Google Street View
56614_1,Trainning,2015,139.7367538,35.64408291,234.0434875,Google Street View
56614_2,Trainning,2015,139.7367538,35.64408291,234.0434875,Google Street View
56615_1,Trainning,2015,139.7368657,35.64414394,232.4881134,Google Street View
56616_1,Trainning,2015,139.7369776,35.64420497,232.3973999,Google Street View
56616_2,Trainning,2015,139.7369776,35.64420497,232.3973999,Google Street View
56617_1,Trainning,2015,139.7370895,35.64426599,232.8148193,Google Street View
56618_1,Trainning,2015,139.7372014,35.64432702,232.9024963,Google Street View
56619_1,Trainning,2015,139.7373133,35.64438804,233.518219,Google Street View
56621_1,Trainning,2015,139.737537,35.6445101,235.1763611,Google Street View
56622_1,Trainning,2015,139.7376489,35.64457112,163.3936462,Google Street View
56622_2,Trainning,2015,139.7376489,35.64457112,163.3936462,Google Street View
56623_1,Trainning,2015,139.7377608,35.64463215,234.9831848,Google Street View
56623_2,Trainning,2015,139.7377608,35.64463215,234.9831848,Google Street View
56626_1,Trainning,2015,139.7380964,35.64481523,236.8755646,Google Street View
56626_2,Trainning,2015,139.7380964,35.64481523,236.8755646,Google Street View
56627_1,Trainning,2015,139.7382083,35.64487625,238.1444244,Google Street View
56629_1,Trainning,2015,139.7384321,35.6449983,237.9181061,Google Street View
56629_2,Trainning,2015,139.7384321,35.6449983,237.9181061,Google Street View
56630_2,Trainning,2015,139.738544,35.64505933,237.876297,Google Street View
56631_1,Trainning,2015,139.7386558,35.64512036,238.0243073,Google Street View
56631_2,Trainning,2015,139.7386558,35.64512036,238.0243073,Google Street View
56632_1,Trainning,2015,139.7387677,35.64518138,238.2803802,Google Street View
56632_2,Trainning,2015,139.7387677,35.64518138,238.2803802,Google Street View
56633_2,Trainning,2015,139.7388796,35.64524241,237.3243713,Google Street View
56635_1,Trainning,2015,139.7391034,35.64536446,237.6164246,Google Street View
56636_1,Trainning,2015,139.7392152,35.64542548,237.1182251,Google Street View
56636_2,Trainning,2015,139.7392152,35.64542548,237.1182251,Google Street View
56637_1,Trainning,2015,139.7392921,35.64551174,234.9024048,Google Street View
56640_1,Trainning,2015,139.7394751,35.64580463,213.7695313,Google Street View
56641_1,Trainning,2015,139.7395361,35.64590226,209.5800629,Google Street View
56643_2,Trainning,2015,139.7396582,35.64609752,206.7435303,Google Street View
56644_2,Trainning,2015,139.7397192,35.64619515,207.8252106,Google Street View
56646_1,Trainning,2015,139.7398412,35.64639041,212.1488495,Google Street View
56646_2,Trainning,2015,139.7398412,35.64639041,212.1488495,Google Street View
56648_1,Trainning,2015,139.7399633,35.64658567,209.3643799,Google Street View
56649_1,Trainning,2015,139.7400243,35.6466833,209.471283,Google Street View
56649_2,Trainning,2015,139.7400243,35.6466833,209.471283,Google Street View
56652_1,Trainning,2015,139.7402073,35.64697619,211.396698,Google Street View
56652_2,Trainning,2015,139.7402073,35.64697619,211.396698,Google Street View
56653_1,Trainning,2015,139.7402684,35.64707381,211.4302826,Google Street View
56653_2,Trainning,2015,139.7402684,35.64707381,211.4302826,Google Street View
56656_1,Trainning,2015,139.7404514,35.6473667,209.9198456,Google Street View
56656_2,Trainning,2015,139.7404514,35.6473667,209.9198456,Google Street View
56657_1,Trainning,2015,139.7405124,35.64746433,209.6532898,Google Street View
56657_2,Trainning,2015,139.7405124,35.64746433,209.6532898,Google Street View
56659_1,Trainning,2015,139.7406345,35.64765958,210.1745605,Google Street View
56660_1,Trainning,2015,139.7407633,35.64767624,211.1259003,Google Street View
56662_1,Trainning,2015,139.7410316,35.64769688,213.5371094,Google Street View
56663_2,Trainning,2015,139.7411657,35.6477072,260.3890686,Google Street View
56664_2,Trainning,2015,139.7412999,35.64771751,268.9223022,Google Street View
56665_1,Trainning,2015,139.741434,35.64772783,268.9121704,Google Street View
56665_2,Trainning,2015,139.741434,35.64772783,268.9121704,Google Street View
56667_1,Trainning,2015,139.7417023,35.64774847,270.3644104,Google Street View
56667_2,Trainning,2015,139.7417023,35.64774847,270.3644104,Google Street View
56669_2,Trainning,2015,139.7419706,35.64776911,269.5152588,Google Street View
56670_1,Trainning,2015,139.7421048,35.64777943,90.78108215,Google Street View
56671_2,Trainning,2015,139.7422389,35.64778975,267.699585,Google Street View
56672_2,Trainning,2015,139.7423731,35.64780006,267.9300537,Google Street View
56673_2,Trainning,2015,139.7425072,35.64781038,269.915863,Google Street View
56674_2,Trainning,2015,139.7426414,35.6478207,291.965271,Google Street View
56675_2,Trainning,2015,139.7427755,35.64783102,304.1686401,Google Street View
56677_1,Trainning,2015,139.7430438,35.64785166,89.15087891,Google Street View
56678_1,Trainning,2015,139.743178,35.64786198,86.39586639,Google Street View
56679_1,Trainning,2015,139.7433121,35.6478723,86.10111237,Google Street View
56680_1,Trainning,2015,139.7434463,35.64788262,86.42444611,Google Street View
56681_1,Trainning,2015,139.7435804,35.64789293,87.53835297,Google Street View
56682_1,Trainning,2015,139.7437145,35.64790325,89.09970856,Google Street View
56684_1,Trainning,2015,139.7439828,35.64792389,89.89418793,Google Street View
56685_1,Trainning,2015,139.744117,35.64793421,95.82836151,Google Street View
56685_2,Trainning,2015,139.744117,35.64793421,95.82836151,Google Street View
56686_1,Trainning,2015,139.74425,35.64794444,88.68265533,Google Street View
56686_2,Trainning,2015,139.74425,35.64794444,88.68265533,Google Street View
56689_1,Trainning,2015,139.7442864,35.6482716,6.845979691,Google Street View
56690_1,Trainning,2015,139.7442985,35.64838065,6.732412815,Google Street View
56691_1,Trainning,2015,139.7443106,35.64848971,6.119484425,Google Street View
56691_2,Trainning,2015,139.7443106,35.64848971,6.119484425,Google Street View
56692_1,Trainning,2015,139.7443227,35.64859876,6.06953764,Google Street View
56693_1,Trainning,2015,139.7443348,35.64870781,6.542941093,Google Street View
56693_2,Trainning,2015,139.7443348,35.64870781,6.542941093,Google Street View
56694_1,Trainning,2015,139.7443469,35.64881687,6.931830883,Google Street View
56694_2,Trainning,2015,139.7443469,35.64881687,6.931830883,Google Street View
56696_1,Trainning,2015,139.7443712,35.64903497,7.209348202,Google Street View
56696_2,Trainning,2015,139.7443712,35.64903497,7.209348202,Google Street View
56697_1,Trainning,2015,139.7443833,35.64914402,6.821164608,Google Street View
56697_2,Trainning,2015,139.7443833,35.64914402,6.821164608,Google Street View
56698_2,Trainning,2015,139.7443954,35.64925308,5.917415619,Google Street View
56699_1,Trainning,2015,139.7444075,35.64936213,5.777960777,Google Street View
56700_1,Trainning,2015,139.7444196,35.64947118,5.667530537,Google Street View
56700_2,Trainning,2015,139.7444196,35.64947118,5.667530537,Google Street View
56701_1,Trainning,2015,139.7444318,35.64958023,5.505559921,Google Street View
56702_1,Trainning,2015,139.7444439,35.64968928,5.74471283,Google Street View
56703_1,Trainning,2015,139.744456,35.64979833,5.819297791,Google Street View
56703_2,Trainning,2015,139.744456,35.64979833,5.819297791,Google Street View
56718_1,Trainning,2015,139.7446688,35.65143148,6.319979668,Google Street View
56719_1,Trainning,2015,139.7446843,35.65154025,5.231900215,Google Street View
56720_2,Trainning,2015,139.7446999,35.65164901,4.051021099,Google Street View
56721_1,Trainning,2015,139.7447154,35.65175777,93.8205719,Google Street View
56725_1,Trainning,2015,139.7447775,35.65219282,3.347214699,Google Street View
56725_2,Trainning,2015,139.7447775,35.65219282,3.347214699,Google Street View
56726_1,Trainning,2015,139.7447931,35.65230158,4.931096554,Google Street View
56733_1,Trainning,2015,139.7455931,35.66373203,217.4288635,Google Street View
56733_2,Trainning,2015,139.7455931,35.66373203,217.4288635,Google Street View
56734_2,Trainning,2015,139.7456781,35.663817,217.250351,Google Street View
56736_1,Trainning,2015,139.745848,35.66398693,216.8299255,Google Street View
56737_2,Trainning,2015,139.745933,35.6640719,217.1262817,Google Street View
56738_2,Trainning,2015,139.746018,35.66415687,217.3117523,Google Street View
56741_1,Trainning,2015,139.7462729,35.66441177,215.6487274,Google Street View
56743_1,Trainning,2015,139.7464428,35.6645817,206.1978455,Google Street View
56743_2,Trainning,2015,139.7464428,35.6645817,206.1978455,Google Street View
56744_2,Trainning,2015,139.7465278,35.66466667,20.85934067,Google Street View
56745_2,Trainning,2015,139.7466127,35.66475164,234.4920654,Google Street View
56746_1,Trainning,2015,139.7466977,35.6648366,271.6694641,Google Street View
56746_2,Trainning,2015,139.7466977,35.6648366,271.6694641,Google Street View
56747_1,Trainning,2015,139.7489722,35.66988889,27.5960331,Google Street View
56747_2,Trainning,2015,139.7489722,35.66988889,27.5960331,Google Street View
56748_2,Trainning,2015,139.7489215,35.66978747,27.25819397,Google Street View
56749_2,Trainning,2015,139.7488708,35.66968605,26.75790787,Google Street View
56750_1,Trainning,2015,139.7488201,35.66958463,26.54644203,Google Street View
56752_1,Trainning,2015,139.7487187,35.66938179,26.6914959,Google Street View
56752_2,Trainning,2015,139.7487187,35.66938179,26.6914959,Google Street View
56753_1,Trainning,2015,139.748668,35.66928037,26.6844883,Google Street View
56753_2,Trainning,2015,139.748668,35.66928037,26.6844883,Google Street View
56754_1,Trainning,2015,139.7486172,35.66917895,26.95025826,Google Street View
56756_2,Trainning,2015,139.7485158,35.66897611,28.68590355,Google Street View
56757_1,Trainning,2015,139.7484651,35.66887469,204.4121399,Google Street View
56757_2,Trainning,2015,139.7484651,35.66887469,204.4121399,Google Street View
56758_1,Trainning,2015,139.7484144,35.66877327,26.2097168,Google Street View
56758_2,Trainning,2015,139.7484144,35.66877327,26.2097168,Google Street View
56759_1,Trainning,2015,139.7483637,35.66867184,24.79768372,Google Street View
56759_2,Trainning,2015,139.7483637,35.66867184,24.79768372,Google Street View
56760_1,Trainning,2015,139.748313,35.66857042,202.3072357,Google Street View
56761_1,Trainning,2015,139.7482623,35.668469,188.6771698,Google Street View
56765_1,Trainning,2015,139.7480712,35.66805976,161.3310242,Google Street View
56765_2,Trainning,2015,139.7480712,35.66805976,161.3310242,Google Street View
56766_1,Trainning,2015,139.748028,35.66795607,148.9834595,Google Street View
56766_2,Trainning,2015,139.748028,35.66795607,148.9834595,Google Street View
56767_1,Trainning,2015,139.7479848,35.66785238,183.7306519,Google Street View
56768_2,Trainning,2015,139.7479416,35.66774869,193.2047577,Google Street View
56769_1,Trainning,2015,139.7478984,35.667645,200.9995422,Google Street View
56770_1,Trainning,2015,139.7478552,35.66754131,200.8606567,Google Street View
56770_2,Trainning,2015,139.7478552,35.66754131,200.8606567,Google Street View
56771_1,Trainning,2015,139.747812,35.66743762,200.2851868,Google Street View
56771_2,Trainning,2015,139.747812,35.66743762,200.2851868,Google Street View
56772_2,Trainning,2015,139.7477688,35.66733393,199.9857635,Google Street View
56774_2,Trainning,2015,139.7476824,35.66712654,199.5135345,Google Street View
56776_1,Trainning,2015,139.7475959,35.66691916,200.6540527,Google Street View
56779_1,Trainning,2015,139.7474663,35.66660809,22.20112801,Google Street View
56781_1,Trainning,2015,139.7473799,35.6664007,22.38329124,Google Street View
56781_2,Trainning,2015,139.7473799,35.6664007,22.38329124,Google Street View
56782_1,Trainning,2015,139.7473367,35.66629701,21.9464817,Google Street View
56783_1,Trainning,2015,139.7472935,35.66619332,21.03286934,Google Street View
56785_1,Trainning,2015,139.7472071,35.66598593,19.83273125,Google Street View
56787_1,Trainning,2015,139.7471207,35.66577855,20.19811249,Google Street View
56788_1,Trainning,2015,139.7470775,35.66567485,20.57969856,Google Street View
56792_1,Trainning,2015,139.7469047,35.66526008,20.598423,Google Street View
56792_2,Trainning,2015,139.7469047,35.66526008,20.598423,Google Street View
56793_1,Trainning,2015,139.7468615,35.66515639,20.34618568,Google Street View
56793_2,Trainning,2015,139.7468615,35.66515639,20.34618568,Google Street View
56794_1,Trainning,2015,139.7468182,35.66505269,20.44891739,Google Street View
56794_2,Trainning,2015,139.7468182,35.66505269,20.44891739,Google Street View
56795_1,Trainning,2015,139.746775,35.664949,19.68213081,Google Street View
56795_2,Trainning,2015,139.746775,35.664949,19.68213081,Google Street View
56797_1,Trainning,2015,139.7490229,35.66999031,26.07961464,Google Street View
56798_2,Trainning,2015,139.7490736,35.67009173,23.1947155,Google Street View
56801_2,Trainning,2015,139.7492258,35.67039599,332.4302063,Google Street View
56802_1,Trainning,2015,139.74925,35.67044444,19.14355087,Google Street View
56802_2,Trainning,2015,139.74925,35.67044444,19.14355087,Google Street View
56809_2,Trainning,2015,139.7493007,35.67110142,35.15367508,Google Street View
56810_1,Trainning,2015,139.7493514,35.67120284,21.651577,Google Street View
56810_2,Trainning,2015,139.7493514,35.67120284,21.651577,Google Street View
56811_1,Trainning,2015,139.7494021,35.67130426,21.39503288,Google Street View
56812_1,Trainning,2015,139.7494528,35.67140567,20.88669968,Google Street View
56813_2,Trainning,2015,139.7495035,35.67150709,295.4104614,Google Street View
56818_1,Trainning,2015,139.7498215,35.6719227,15.83765221,Google Street View
56819_1,Trainning,2015,139.7498949,35.67201448,16.28691864,Google Street View
56851_2,Trainning,2015,139.751675,35.67501677,28.69675064,Google Street View
56852_1,Trainning,2015,139.7517258,35.67511818,28.55461121,Google Street View
56899_1,Trainning,2015,139.7595278,35.67516667,24.36527634,Google Street View
56905_1,Trainning,2015,139.7587971,35.67544772,301.6966553,Google Street View
56906_1,Trainning,2015,139.7586753,35.67549456,300.308075,Google Street View
56939_1,Trainning,2015,139.7604847,35.67746321,16.16977692,Google Street View
56940_1,Trainning,2015,139.7604415,35.67735954,15.58509636,Google Street View
56957_1,Trainning,2015,139.7597071,35.67559697,17.09540558,Google Street View
56958_1,Trainning,2015,139.7596639,35.67549328,86.90805817,Google Street View
56960_1,Trainning,2015,139.7595775,35.67528592,34.70668793,Google Street View
56964_1,Trainning,2015,139.7619624,35.68189874,14.90633869,Google Street View
56966_1,Trainning,2015,139.7618971,35.68168637,13.46930695,Google Street View
56967_1,Trainning,2015,139.7618644,35.68158019,15.34059715,Google Street View
56968_1,Trainning,2015,139.7618317,35.681474,15.42912006,Google Street View
56970_1,Trainning,2015,139.7617664,35.68126163,14.97702599,Google Street View
56972_1,Trainning,2015,139.7617011,35.68104926,15.79380226,Google Street View
56973_1,Trainning,2015,139.7616684,35.68094307,16.24687386,Google Street View
56982_1,Trainning,2015,139.7613743,35.67998739,15.7595892,Google Street View
56984_1,Trainning,2015,139.761309,35.67977502,15.91327953,Google Street View
56985_1,Trainning,2015,139.7612763,35.67966883,16.00356865,Google Street View
56987_1,Trainning,2015,139.761211,35.67945646,16.14258766,Google Street View
56988_1,Trainning,2015,139.7611783,35.67935027,15.9449873,Google Street View
56989_1,Trainning,2015,139.7611456,35.67924408,15.70992088,Google Street View
56990_1,Trainning,2015,139.7611129,35.67913789,15.92546463,Google Street View
56991_1,Trainning,2015,139.7610803,35.6790317,15.11626148,Google Street View
56993_1,Trainning,2015,139.7610149,35.67881933,14.58559227,Google Street View
56994_1,Trainning,2015,139.7609822,35.67871314,69.60050201,Google Street View
56995_1,Trainning,2015,139.7609496,35.67860695,16.51559258,Google Street View
57013_1,Trainning,2015,139.7625282,35.68348723,16.70269203,Google Street View
57013_2,Trainning,2015,139.7625282,35.68348723,16.70269203,Google Street View
57014_1,Trainning,2015,139.76249,35.68338227,15.91048336,Google Street View
57019_1,Trainning,2015,139.7622992,35.68285744,18.69838524,Google Street View
57023_1,Trainning,2015,139.7621465,35.68243757,105.9731293,Google Street View
57023_2,Trainning,2015,139.7621465,35.68243757,105.9731293,Google Street View
57024_1,Trainning,2015,139.7621083,35.6823326,16.8570385,Google Street View
57025_1,Trainning,2015,139.7620702,35.68222763,15.8830204,Google Street View
57026_1,Trainning,2015,139.762032,35.68212267,15.60671329,Google Street View
57028_1,Trainning,2015,139.7643969,35.68491506,351.1197205,Google Street View
57028_2,Trainning,2015,139.7643969,35.68491506,351.1197205,Google Street View
57035_1,Trainning,2015,139.7634811,35.68509823,284.7357788,Google Street View
57042_2,Trainning,2015,139.7732109,35.68258231,295.8791504,Google Street View
57044_1,Trainning,2015,139.7729691,35.68267901,295.4810791,Google Street View
57044_2,Trainning,2015,139.7729691,35.68267901,295.4810791,Google Street View
57048_2,Trainning,2015,139.7724856,35.68287243,295.9272766,Google Street View
57049_1,Trainning,2015,139.7723647,35.68292078,24.85788345,Google Street View
57050_1,Trainning,2015,139.7722438,35.68296914,295.8331909,Google Street View
57052_1,Trainning,2015,139.7720021,35.68306584,295.8623352,Google Street View
57054_1,Trainning,2015,139.7717603,35.68316255,295.9707336,Google Street View
57054_2,Trainning,2015,139.7717603,35.68316255,295.9707336,Google Street View
57055_1,Trainning,2015,139.7716394,35.68321091,296.0594482,Google Street View
57055_2,Trainning,2015,139.7716394,35.68321091,296.0594482,Google Street View
57056_2,Trainning,2015,139.7715185,35.68325926,295.8631592,Google Street View
57057_2,Trainning,2015,139.7713976,35.68330761,295.954071,Google Street View
57059_1,Trainning,2015,139.7711559,35.68340432,294.9115601,Google Street View
57059_2,Trainning,2015,139.7711559,35.68340432,294.9115601,Google Street View
57062_1,Trainning,2015,139.7744771,35.68395416,272.7255859,Google Street View
57062_2,Trainning,2015,139.7744771,35.68395416,272.7255859,Google Street View
57064_2,Trainning,2015,139.7743757,35.68375135,179.4123688,Google Street View
57065_1,Trainning,2015,139.774325,35.68364994,21.73039818,Google Street View
57065_2,Trainning,2015,139.774325,35.68364994,21.73039818,Google Street View
57066_1,Trainning,2015,139.7742743,35.68354854,23.78787422,Google Street View
57066_2,Trainning,2015,139.7742743,35.68354854,23.78787422,Google Street View
57067_1,Trainning,2015,139.7742236,35.68344713,210.916687,Google Street View
57068_2,Trainning,2015,139.7741729,35.68334573,206.8990784,Google Street View
57069_1,Trainning,2015,139.7741222,35.68324432,206.2713013,Google Street View
57070_2,Trainning,2015,139.7740715,35.68314292,206.950882,Google Street View
57071_2,Trainning,2015,139.7740208,35.68304151,215.4849701,Google Street View
57072_2,Trainning,2015,139.77397,35.68294011,210.5498199,Google Street View
57073_1,Trainning,2015,139.7739193,35.6828387,207.646698,Google Street View
57073_2,Trainning,2015,139.7739193,35.6828387,207.646698,Google Street View
57074_1,Trainning,2015,139.7738686,35.6827373,205.0245514,Google Street View
57074_2,Trainning,2015,139.7738686,35.6827373,205.0245514,Google Street View
57078_1,Trainning,2015,139.7656389,35.68461111,200.3405762,Google Street View
57082_1,Trainning,2015,139.7651238,35.6847399,284.3186035,Google Street View
57082_2,Trainning,2015,139.7651238,35.6847399,284.3186035,Google Street View
57092_1,Trainning,2015,139.7672172,35.68421654,286.0730591,Google Street View
57092_2,Trainning,2015,139.7672172,35.68421654,286.0730591,Google Street View
57094_1,Trainning,2015,139.7669596,35.68428093,285.6192627,Google Street View
57094_2,Trainning,2015,139.7669596,35.68428093,285.6192627,Google Street View
57099_1,Trainning,2015,139.7663157,35.68444191,284.4989624,Google Street View
57099_2,Trainning,2015,139.7663157,35.68444191,284.4989624,Google Street View
57100_1,Trainning,2015,139.7661869,35.68447411,283.9155273,Google Street View
57101_1,Trainning,2015,139.7660581,35.6845063,284.0112915,Google Street View
57103_2,Trainning,2015,139.7658005,35.6845707,283.5501099,Google Street View
57105_1,Trainning,2015,139.7709167,35.6835,23.60876656,Google Street View
57105_2,Trainning,2015,139.7709167,35.6835,23.60876656,Google Street View
57106_1,Trainning,2015,139.7707852,35.68352391,287.6469727,Google Street View
57106_2,Trainning,2015,139.7707852,35.68352391,287.6469727,Google Street View
57107_1,Trainning,2015,139.7706537,35.68354782,286.8178101,Google Street View
57107_2,Trainning,2015,139.7706537,35.68354782,286.8178101,Google Street View
57108_1,Trainning,2015,139.7705222,35.68357172,286.0524902,Google Street View
57108_2,Trainning,2015,139.7705222,35.68357172,286.0524902,Google Street View
57109_1,Trainning,2015,139.7703907,35.68359563,286.0302124,Google Street View
57111_1,Trainning,2015,139.7701277,35.68364345,285.4636841,Google Street View
57111_2,Trainning,2015,139.7701277,35.68364345,285.4636841,Google Street View
57121_2,Trainning,2015,139.7688128,35.68388253,285.072876,Google Street View
57122_1,Trainning,2015,139.7686813,35.68390644,286.8690186,Google Street View
57122_2,Trainning,2015,139.7686813,35.68390644,286.8690186,Google Street View
57123_1,Trainning,2015,139.7685498,35.68393034,286.6184998,Google Street View
57123_2,Trainning,2015,139.7685498,35.68393034,286.6184998,Google Street View
57124_1,Trainning,2015,139.7684183,35.68395425,286.1248169,Google Street View
57860_1,Trainning,2015,135.5455353,34.70016706,267.058075,Google Street View
73755_1,Trainning,2015,136.6787639,35.04732293,25.49283791,Google Street View
73755_2,Trainning,2015,136.6787639,35.04732293,25.49283791,Google Street View
74159_1,Trainning,2015,136.9399813,35.07995692,147.1435852,Google Street View
76323_2,Trainning,2015,136.9228611,35.10766667,353.3471069,Google Street View
76324_2,Trainning,2015,136.9228829,35.10755788,352.4318848,Google Street View
76329_2,Trainning,2015,136.9229917,35.10701395,2.657952547,Google Street View
76331_1,Trainning,2015,136.9230352,35.10679637,351.9775085,Google Street View
76332_1,Trainning,2015,136.9230569,35.10668759,352.1781616,Google Street View
82378_2,Trainning,2015,137.3286979,34.83369224,332.6250916,Google Street View
82461_2,Trainning,2015,137.3392198,34.82668266,308.9249573,Google Street View
86676_1,Trainning,2015,137.154591,34.95865151,276.7324829,Google Street View
86677_1,Trainning,2015,137.154723,34.9586295,277.4512329,Google Street View
86677_2,Trainning,2015,137.154723,34.9586295,277.4512329,Google Street View
86678_1,Trainning,2015,137.1548551,34.95860749,277.1860046,Google Street View
86678_2,Trainning,2015,137.1548551,34.95860749,277.1860046,Google Street View
96122_2,Trainning,2015,138.6981898,35.15022222,133.6233673,Google Street View
109154_2,Trainning,2015,139.5189387,35.38749757,214.1728973,Google Street View
109155_2,Trainning,2015,139.5188709,35.38740264,211.1783142,Google Street View
109156_2,Trainning,2015,139.5188031,35.38730771,214.5976257,Google Street View
109158_2,Trainning,2015,139.5186675,35.38711785,210.4727173,Google Street View
0_2,Trainning,2021,135.5616111,34.73630556,227.1517487,Google Street View
100599_1,Trainning,2021,139.0934147,35.23285478,251.6555176,Google Street View
100599_2,Trainning,2021,139.0934147,35.23285478,251.6555176,Google Street View
104122_2,Trainning,2021,139.2116951,35.27986119,260.4463501,Google Street View
104124_2,Trainning,2021,139.2114287,35.2798279,259.9415283,Google Street View
104590_1,Trainning,2021,139.178467,35.26041615,42.1669426,Google Street View
104590_2,Trainning,2021,139.178467,35.26041615,42.1669426,Google Street View
104638_1,Trainning,2021,139.1839924,35.26501347,250.2300568,Google Street View
1062_2,Trainning,2021,135.5883571,34.76330153,221.2999268,Google Street View
11_1,Trainning,2021,135.5625522,34.73724662,46.20240402,Google Street View
122_1,Trainning,2021,135.5732285,34.74549714,226.93367,Google Street View
1233_2,Trainning,2021,135.6032573,34.77736843,219.5980682,Google Street View
1239_2,Trainning,2021,135.6037705,34.77788158,223.8500366,Google Street View
123_1,Trainning,2021,135.5733244,34.74557485,226.1375275,Google Street View
1247_2,Trainning,2021,135.604596,34.77841978,233.8971558,Google Street View
1248_2,Trainning,2021,135.6047167,34.77846896,235.6272583,Google Street View
1254_2,Trainning,2021,135.605441,34.77876404,240.4326172,Google Street View
1256_2,Trainning,2021,135.6056824,34.7788624,241.6864471,Google Street View
125_1,Trainning,2021,135.5735164,34.74573026,226.1585693,Google Street View
1266_2,Trainning,2021,135.6068896,34.7793542,243.3515625,Google Street View
126_2,Trainning,2021,135.5736124,34.74580796,46.53898621,Google Street View
1286_2,Trainning,2021,135.6093038,34.78033779,246.2178497,Google Street View
128_2,Trainning,2021,135.5738044,34.74596337,46.42236328,Google Street View
129_1,Trainning,2021,135.5739004,34.74604108,46.45204926,Google Street View
130_1,Trainning,2021,135.5739964,34.74611878,226.7404785,Google Street View
130_2,Trainning,2021,135.5739964,34.74611878,226.7404785,Google Street View
131_1,Trainning,2021,135.5740924,34.74619648,227.052475,Google Street View
1333_2,Trainning,2021,135.6120937,34.78166388,61.85832214,Google Street View
1334_2,Trainning,2021,135.6121903,34.78174111,60.59864044,Google Street View
136_1,Trainning,2021,135.5745723,34.746585,46.40727234,Google Street View
1385_1,Trainning,2021,135.6172124,34.78842978,23.94395447,Google Street View
138_1,Trainning,2021,135.5747643,34.74674041,45.90142059,Google Street View
139_1,Trainning,2021,135.5748603,34.74681811,45.35522079,Google Street View
13_1,Trainning,2021,135.5627222,34.73741667,47.2699585,Google Street View
1413_1,Trainning,2021,135.6181355,34.79126421,12.25411415,Google Street View
147_2,Trainning,2021,135.5737689,34.75288006,39.11776352,Google Street View
14_1,Trainning,2021,135.5628188,34.73749391,47.00588989,Google Street View
151_1,Trainning,2021,135.5753188,34.74718835,46.34164429,Google Street View
151_2,Trainning,2021,135.5753188,34.74718835,46.34164429,Google Street View
152_1,Trainning,2021,135.5754153,34.74726558,141.9633484,Google Street View
152_2,Trainning,2021,135.5754153,34.74726558,141.9633484,Google Street View
153_1,Trainning,2021,135.5755119,34.74734282,46.52410126,Google Street View
1556_1,Trainning,2021,135.6544841,34.80736876,242.907074,Google Street View
1560_1,Trainning,2021,135.654954,34.80758561,242.8051147,Google Street View
157_1,Trainning,2021,135.575898,34.74765177,46.71466064,Google Street View
15_1,Trainning,2021,135.5629153,34.73757115,46.91106033,Google Street View
1629_2,Trainning,2021,135.6629719,34.81108323,63.10435486,Google Street View
1630_1,Trainning,2021,135.6630968,34.81112485,63.12005234,Google Street View
1632_1,Trainning,2021,135.6633465,34.81120809,63.15026093,Google Street View
1638_2,Trainning,2021,135.6640956,34.81145779,242.8717651,Google Street View
166_1,Trainning,2021,135.5767669,34.74834689,45.24581528,Google Street View
166_2,Trainning,2021,135.5767669,34.74834689,45.24581528,Google Street View
1675_2,Trainning,2021,135.6682996,34.81351456,52.71216202,Google Street View
1681_2,Trainning,2021,135.6689272,34.81393298,49.45085144,Google Street View
168_1,Trainning,2021,135.57696,34.74850136,45.05844879,Google Street View
1690_2,Trainning,2021,135.6698687,34.8145606,225.3607941,Google Street View
169_1,Trainning,2021,135.5770566,34.7485786,45.69857407,Google Street View
16_1,Trainning,2021,135.5630119,34.73764839,46.71973419,Google Street View
16_2,Trainning,2021,135.5630119,34.73764839,46.71973419,Google Street View
170_1,Trainning,2021,135.5771531,34.74865584,46.49750519,Google Street View
170_2,Trainning,2021,135.5771531,34.74865584,46.49750519,Google Street View
171_1,Trainning,2021,135.5772497,34.74873307,46.57739258,Google Street View
171_2,Trainning,2021,135.5772497,34.74873307,46.57739258,Google Street View
1727_2,Trainning,2021,135.6733059,34.81748247,45.44321442,Google Street View
172_1,Trainning,2021,135.5773462,34.74881031,46.63437271,Google Street View
1731_2,Trainning,2021,135.6736794,34.81780151,44.80970383,Google Street View
175_1,Trainning,2021,135.5776358,34.74904201,46.70438385,Google Street View
175_2,Trainning,2021,135.5776358,34.74904201,46.70438385,Google Street View
176_1,Trainning,2021,135.5777324,34.74911925,46.14867783,Google Street View
180_2,Trainning,2021,135.5779488,34.74943574,3.918676615,Google Street View
181_2,Trainning,2021,135.5778976,34.74953815,313.9944153,Google Street View
19_1,Trainning,2021,135.5633015,34.73788012,46.31818008,Google Street View
19_2,Trainning,2021,135.5633015,34.73788012,46.31818008,Google Street View
209_2,Trainning,2021,135.5531711,34.73008778,227.0054321,Google Street View
211_1,Trainning,2021,135.5533422,34.73025889,226.6901093,Google Street View
211_2,Trainning,2021,135.5533422,34.73025889,226.6901093,Google Street View
212_1,Trainning,2021,135.5534278,34.73034445,226.9194336,Google Street View
213_2,Trainning,2021,135.5535133,34.73043,227.2849579,Google Street View
214_1,Trainning,2021,135.5535989,34.73051556,227.5015411,Google Street View
214_2,Trainning,2021,135.5535989,34.73051556,227.5015411,Google Street View
216_1,Trainning,2021,135.55377,34.73068667,47.22081757,Google Street View
216_2,Trainning,2021,135.55377,34.73068667,47.22081757,Google Street View
217_1,Trainning,2021,135.5538556,34.73077222,47.91016769,Google Street View
218_2,Trainning,2021,135.5539411,34.73085778,49.50948334,Google Street View
221_2,Trainning,2021,135.5542323,34.73107624,57.75587845,Google Street View
222_2,Trainning,2021,135.5543534,34.73112471,58.58515549,Google Street View
223_1,Trainning,2021,135.5544746,34.73117317,57.97911072,Google Street View
223_2,Trainning,2021,135.5544746,34.73117317,57.97911072,Google Street View
224_1,Trainning,2021,135.5545957,34.73122163,56.8830719,Google Street View
224_2,Trainning,2021,135.5545957,34.73122163,56.8830719,Google Street View
225_1,Trainning,2021,135.5547169,34.7312701,56.02746582,Google Street View
225_2,Trainning,2021,135.5547169,34.7312701,56.02746582,Google Street View
226_1,Trainning,2021,135.5548381,34.73131856,52.22496414,Google Street View
226_2,Trainning,2021,135.5548381,34.73131856,52.22496414,Google Street View
227_1,Trainning,2021,135.5549592,34.73136702,229.6397705,Google Street View
228_1,Trainning,2021,135.5550804,34.73141548,227.3721161,Google Street View
228_2,Trainning,2021,135.5550804,34.73141548,227.3721161,Google Street View
229_2,Trainning,2021,135.5552015,34.73146395,225.1470337,Google Street View
22_2,Trainning,2021,135.5635912,34.73811184,46.16020966,Google Street View
230_1,Trainning,2021,135.5553227,34.73151241,224.9438171,Google Street View
230_2,Trainning,2021,135.5553227,34.73151241,224.9438171,Google Street View
231_2,Trainning,2021,135.5554439,34.73156087,227.7516632,Google Street View
233_2,Trainning,2021,135.5555946,34.73166218,320.2617493,Google Street View
235_1,Trainning,2021,135.5557838,34.73181987,184.2691803,Google Street View
236_1,Trainning,2021,135.5558785,34.73189872,227.0259247,Google Street View
238_1,Trainning,2021,135.5560677,34.73205641,226.6388092,Google Street View
238_2,Trainning,2021,135.5560677,34.73205641,226.6388092,Google Street View
239_1,Trainning,2021,135.5561623,34.73213526,223.8920441,Google Street View
240_2,Trainning,2021,135.5562569,34.7322141,224.2816925,Google Street View
241_2,Trainning,2021,135.5563515,34.73229295,226.4501495,Google Street View
24438_1,Trainning,2021,137.8970335,34.74180003,74.77548981,Google Street View
24439_1,Trainning,2021,137.8971624,34.74183226,74.96695709,Google Street View
24441_1,Trainning,2021,137.8974202,34.74189671,75.19161987,Google Street View
24442_1,Trainning,2021,137.8975491,34.74192894,75.46659088,Google Street View
24444_2,Trainning,2021,137.8978069,34.7419934,75.37833405,Google Street View
24445_1,Trainning,2021,137.8979358,34.74202563,75.21060181,Google Street View
24447_1,Trainning,2021,137.8981937,34.74209008,74.50995636,Google Street View
24448_1,Trainning,2021,137.8983226,34.74212231,74.02924347,Google Street View
24449_1,Trainning,2021,137.8984515,34.74215454,73.36878967,Google Street View
24449_2,Trainning,2021,137.8984515,34.74215454,73.36878967,Google Street View
24459_1,Trainning,2021,137.8996517,34.74242569,74.73131561,Google Street View
24460_1,Trainning,2021,137.8997818,34.74245459,74.73014832,Google Street View
24460_2,Trainning,2021,137.8997818,34.74245459,74.73014832,Google Street View
24461_2,Trainning,2021,137.8999119,34.7424835,74.90684509,Google Street View
24462_2,Trainning,2021,137.9000419,34.7425124,75.24934387,Google Street View
24463_1,Trainning,2021,137.900172,34.74254131,75.67085266,Google Street View
24468_2,Trainning,2021,137.9008224,34.74268584,75.75363159,Google Street View
24469_1,Trainning,2021,137.9009525,34.74271474,76.04525757,Google Street View
24469_2,Trainning,2021,137.9009525,34.74271474,76.04525757,Google Street View
24471_1,Trainning,2021,137.9012139,34.74276814,76.40454102,Google Street View
24471_2,Trainning,2021,137.9012139,34.74276814,76.40454102,Google Street View
24473_1,Trainning,2021,137.9014774,34.74281464,76.81266785,Google Street View
24473_2,Trainning,2021,137.9014774,34.74281464,76.81266785,Google Street View
24474_2,Trainning,2021,137.9016091,34.74283789,76.8707962,Google Street View
24475_2,Trainning,2021,137.9017409,34.74286114,76.8657608,Google Street View
244_2,Trainning,2021,135.5566354,34.73252949,229.703186,Google Street View
245_2,Trainning,2021,135.55673,34.73260834,229.501358,Google Street View
246_1,Trainning,2021,135.5568246,34.73268718,228.472229,Google Street View
247_1,Trainning,2021,135.5569192,34.73276603,228.3438416,Google Street View
247_2,Trainning,2021,135.5569192,34.73276603,228.3438416,Google Street View
248_1,Trainning,2021,135.5570139,34.73284487,229.0227814,Google Street View
248_2,Trainning,2021,135.5570139,34.73284487,229.0227814,Google Street View
249_1,Trainning,2021,135.5571085,34.73292372,228.8243561,Google Street View
249_2,Trainning,2021,135.5571085,34.73292372,228.8243561,Google Street View
24_1,Trainning,2021,135.5637843,34.73826632,46.62379456,Google Street View
2542_2,Trainning,2021,135.7436307,34.8931916,1.841717839,Google Street View
2573_2,Trainning,2021,135.7438056,34.89928256,3.464339018,Google Street View
25_2,Trainning,2021,135.5638808,34.73834356,46.77454758,Google Street View
268_1,Trainning,2021,135.5589582,34.73431588,47.47967911,Google Street View
268_2,Trainning,2021,135.5589582,34.73431588,47.47967911,Google Street View
269_2,Trainning,2021,135.5590577,34.73439053,47.38280106,Google Street View
26_1,Trainning,2021,135.5639774,34.7384208,46.67710114,Google Street View
271_1,Trainning,2021,135.5592568,34.73453983,47.02944565,Google Street View
271_2,Trainning,2021,135.5592568,34.73453983,47.02944565,Google Street View
273_1,Trainning,2021,135.5594558,34.73468912,46.55513763,Google Street View
275_2,Trainning,2021,135.5596549,34.73483842,46.34597778,Google Street View
276_2,Trainning,2021,135.5597544,34.73491306,226.622406,Google Street View
277_1,Trainning,2021,135.559854,34.73498771,226.4173126,Google Street View
277_2,Trainning,2021,135.559854,34.73498771,226.4173126,Google Street View
28_2,Trainning,2021,135.5641111,34.73852778,46.67546844,Google Street View
291_2,Trainning,2021,135.5612474,34.73603276,227.4321136,Google Street View
296_1,Trainning,2021,135.5463713,34.7155785,73.58403778,Google Street View
2_2,Trainning,2021,135.5617822,34.73647666,226.6952972,Google Street View
32_1,Trainning,2021,135.5645092,34.73882636,46.85367584,Google Street View
34_1,Trainning,2021,135.5647083,34.73897565,46.12203598,Google Street View
350_2,Trainning,2021,135.5482767,34.72130189,14.20726871,Google Street View
354_1,Trainning,2021,135.5483846,34.72162601,15.07132149,Google Street View
356_1,Trainning,2021,135.5484558,34.72183964,14.71389008,Google Street View
357_1,Trainning,2021,135.5484914,34.72194646,15.65449524,Google Street View
358_1,Trainning,2021,135.548527,34.72205327,14.45881653,Google Street View
358_2,Trainning,2021,135.548527,34.72205327,14.45881653,Google Street View
359_2,Trainning,2021,135.5485626,34.72216009,14.37639904,Google Street View
35_2,Trainning,2021,135.5648078,34.7390503,47.30516434,Google Street View
368_2,Trainning,2021,135.5488831,34.72312143,38.81405258,Google Street View
370_1,Trainning,2021,135.5489543,34.72333505,16.06456757,Google Street View
370_2,Trainning,2021,135.5489543,34.72333505,16.06456757,Google Street View
371_1,Trainning,2021,135.5489899,34.72344187,14.69556236,Google Street View
372_1,Trainning,2021,135.5490255,34.72354868,13.10677719,Google Street View
373_1,Trainning,2021,135.5490611,34.7236555,13.26898575,Google Street View
374_1,Trainning,2021,135.5490967,34.72376231,13.70712185,Google Street View
377_1,Trainning,2021,135.5491823,34.72401919,14.62571907,Google Street View
378_2,Trainning,2021,135.5492179,34.724126,16.45926285,Google Street View
379_1,Trainning,2021,135.5492535,34.72423281,193.5749664,Google Street View
379_2,Trainning,2021,135.5492535,34.72423281,193.5749664,Google Street View
37_2,Trainning,2021,135.5650069,34.73919959,46.8860817,Google Street View
380_1,Trainning,2021,135.5492891,34.72433963,16.83958054,Google Street View
381_1,Trainning,2021,135.5493247,34.72444644,14.04302502,Google Street View
382_2,Trainning,2021,135.5493603,34.72455325,13.34603882,Google Street View
383_1,Trainning,2021,135.5493959,34.72466007,195.7917175,Google Street View
383_2,Trainning,2021,135.5493959,34.72466007,195.7917175,Google Street View
384_2,Trainning,2021,135.5494315,34.72476688,17.01275635,Google Street View
386_1,Trainning,2021,135.5495028,34.7249805,14.86145878,Google Street View
388_1,Trainning,2021,135.549574,34.72519413,194.901001,Google Street View
388_2,Trainning,2021,135.549574,34.72519413,194.901001,Google Street View
38998_2,Trainning,2021,138.6998017,35.14916859,121.2447891,Google Street View
38999_2,Trainning,2021,138.6996868,35.14922607,121.7496796,Google Street View
38_1,Trainning,2021,135.5651064,34.73927423,45.63093185,Google Street View
39001_1,Trainning,2021,138.6994568,35.14934102,121.9354935,Google Street View
39001_2,Trainning,2021,138.6994568,35.14934102,121.9354935,Google Street View
39002_1,Trainning,2021,138.6993419,35.1493985,121.9036865,Google Street View
39002_2,Trainning,2021,138.6993419,35.1493985,121.9036865,Google Street View
39008_1,Trainning,2021,138.6986521,35.14974337,121.9335098,Google Street View
39009_1,Trainning,2021,138.6985372,35.14980085,121.3749695,Google Street View
39017_1,Trainning,2021,138.7035278,35.14827778,10.87863255,Google Street View
39017_2,Trainning,2021,138.7035278,35.14827778,10.87863255,Google Street View
39020_1,Trainning,2021,138.7031387,35.14836756,101.8549805,Google Street View
39020_2,Trainning,2021,138.7031387,35.14836756,101.8549805,Google Street View
39021_1,Trainning,2021,138.7030091,35.14839749,99.96149445,Google Street View
39022_1,Trainning,2021,138.7028794,35.14842741,100.4669342,Google Street View
39022_2,Trainning,2021,138.7028794,35.14842741,100.4669342,Google Street View
39023_1,Trainning,2021,138.7027497,35.14845734,100.6316605,Google Street View
39024_1,Trainning,2021,138.70262,35.14848727,100.641098,Google Street View
39024_2,Trainning,2021,138.70262,35.14848727,100.641098,Google Street View
39026_1,Trainning,2021,138.7023606,35.14854712,100.6780243,Google Street View
39026_2,Trainning,2021,138.7023606,35.14854712,100.6780243,Google Street View
39027_1,Trainning,2021,138.702231,35.14857704,100.9456329,Google Street View
39029_1,Trainning,2021,138.7019716,35.1486369,101.0194244,Google Street View
39029_2,Trainning,2021,138.7019716,35.1486369,101.0194244,Google Street View
39030_1,Trainning,2021,138.7018419,35.14866682,101.0115509,Google Street View
39030_2,Trainning,2021,138.7018419,35.14866682,101.0115509,Google Street View
39031_1,Trainning,2021,138.7017122,35.14869675,101.0626602,Google Street View
39031_2,Trainning,2021,138.7017122,35.14869675,101.0626602,Google Street View
39032_1,Trainning,2021,138.7015826,35.14872668,101.4711914,Google Street View
39032_2,Trainning,2021,138.7015826,35.14872668,101.4711914,Google Street View
39034_1,Trainning,2021,138.7013232,35.14878653,102.9890594,Google Street View
39034_2,Trainning,2021,138.7013232,35.14878653,102.9890594,Google Street View
39035_1,Trainning,2021,138.7011935,35.14881646,104.9179611,Google Street View
39035_2,Trainning,2021,138.7011935,35.14881646,104.9179611,Google Street View
39036_1,Trainning,2021,138.7010638,35.14884638,105.9133148,Google Street View
39037_1,Trainning,2021,138.7009342,35.14887631,107.0435486,Google Street View
39037_2,Trainning,2021,138.7009342,35.14887631,107.0435486,Google Street View
39038_2,Trainning,2021,138.7008045,35.14890623,109.0413971,Google Street View
39039_1,Trainning,2021,138.7006748,35.14893616,178.9147339,Google Street View
39039_2,Trainning,2021,138.7006748,35.14893616,178.9147339,Google Street View
39043_1,Trainning,2021,138.7001561,35.14905587,311.2062683,Google Street View
39079_2,Trainning,2021,138.7098455,35.14737526,280.6824341,Google Street View
39087_1,Trainning,2021,138.7087836,35.14752696,280.491272,Google Street View
39088_1,Trainning,2021,138.7086508,35.14754592,280.4841003,Google Street View
39089_2,Trainning,2021,138.7085181,35.14756488,280.8181763,Google Street View
39090_1,Trainning,2021,138.7083854,35.14758384,280.9903564,Google Street View
39090_2,Trainning,2021,138.7083854,35.14758384,280.9903564,Google Street View
39091_1,Trainning,2021,138.7082526,35.14760281,280.964325,Google Street View
39091_2,Trainning,2021,138.7082526,35.14760281,280.964325,Google Street View
39092_1,Trainning,2021,138.7081199,35.14762177,281.066864,Google Street View
39092_2,Trainning,2021,138.7081199,35.14762177,281.066864,Google Street View
39093_1,Trainning,2021,138.7079871,35.14764073,281.0284729,Google Street View
39093_2,Trainning,2021,138.7079871,35.14764073,281.0284729,Google Street View
39095_2,Trainning,2021,138.7077217,35.14767866,280.6761475,Google Street View
39096_2,Trainning,2021,138.7075889,35.14769762,279.095459,Google Street View
39097_1,Trainning,2021,138.7074562,35.14771658,280.2640991,Google Street View
39098_1,Trainning,2021,138.7073235,35.14773554,281.2647095,Google Street View
39099_1,Trainning,2021,138.7071907,35.1477545,281.5750122,Google Street View
39099_2,Trainning,2021,138.7071907,35.1477545,281.5750122,Google Street View
390_1,Trainning,2021,135.5496452,34.72540775,194.5665436,Google Street View
390_2,Trainning,2021,135.5496452,34.72540775,194.5665436,Google Street View
39100_1,Trainning,2021,138.707058,35.14777347,281.227478,Google Street View
39108_2,Trainning,2021,138.7059961,35.14792517,280.2828674,Google Street View
39110_1,Trainning,2021,138.7057306,35.14796309,280.7474976,Google Street View
39111_2,Trainning,2021,138.7055979,35.14798205,280.9715576,Google Street View
39112_1,Trainning,2021,138.7054651,35.14800102,281.0960999,Google Street View
39112_2,Trainning,2021,138.7054651,35.14800102,281.0960999,Google Street View
39114_2,Trainning,2021,138.7051997,35.14803894,281.4143066,Google Street View
39115_2,Trainning,2021,138.7050669,35.1480579,279.9263916,Google Street View
39116_2,Trainning,2021,138.7049342,35.14807686,279.5805054,Google Street View
39118_2,Trainning,2021,138.7046687,35.14811479,280.15625,Google Street View
39122_1,Trainning,2021,138.7041378,35.14819064,280.4361267,Google Street View
39123_1,Trainning,2021,138.704005,35.1482096,280.3028564,Google Street View
39124_1,Trainning,2021,138.7038723,35.14822856,280.4589844,Google Street View
39124_2,Trainning,2021,138.7038723,35.14822856,280.4589844,Google Street View
39188_1,Trainning,2021,138.7129722,35.14716667,281.0465088,Google Street View
39190_1,Trainning,2021,138.7127027,35.14716667,282.974884,Google Street View
39191_2,Trainning,2021,138.712568,35.14716667,283.1594238,Google Street View
39193_2,Trainning,2021,138.7122985,35.14716667,281.977356,Google Street View
39229_2,Trainning,2021,138.7135037,35.14876118,14.35030651,Google Street View
392_1,Trainning,2021,135.5497164,34.72562137,197.5619507,Google Street View
392_2,Trainning,2021,135.5497164,34.72562137,197.5619507,Google Street View
39548_2,Trainning,2021,138.6229722,35.11798719,13.35300636,Google Street View
39550_2,Trainning,2021,138.6229722,35.11776675,17.48647499,Google Street View
396_1,Trainning,2021,135.5498588,34.72604862,19.60913086,Google Street View
39830_1,Trainning,2021,138.696315,35.15091197,121.542244,Google Street View
39832_1,Trainning,2021,138.6960851,35.15102693,121.5478516,Google Street View
39837_1,Trainning,2021,138.6955103,35.15131432,123.3162003,Google Street View
39837_2,Trainning,2021,138.6955103,35.15131432,123.3162003,Google Street View
39838_2,Trainning,2021,138.6953953,35.1513718,122.7877045,Google Street View
39839_2,Trainning,2021,138.6952804,35.15142928,122.5353699,Google Street View
39841_2,Trainning,2021,138.6950504,35.15154423,121.6298523,Google Street View
39843_1,Trainning,2021,138.6948205,35.15165919,184.0335236,Google Street View
39844_2,Trainning,2021,138.6947056,35.15171667,181.913147,Google Street View
39845_1,Trainning,2021,138.6945906,35.15177414,188.4606018,Google Street View
39845_2,Trainning,2021,138.6945906,35.15177414,188.4606018,Google Street View
39847_2,Trainning,2021,138.6943607,35.1518891,167.4178314,Google Street View
39848_1,Trainning,2021,138.6942458,35.15194658,121.7200012,Google Street View
39848_2,Trainning,2021,138.6942458,35.15194658,121.7200012,Google Street View
39849_2,Trainning,2021,138.6941308,35.15200406,121.9297867,Google Street View
39850_1,Trainning,2021,138.6940158,35.15206153,122.1738205,Google Street View
39851_2,Trainning,2021,138.6939009,35.15211901,121.3907776,Google Street View
39852_1,Trainning,2021,138.6937859,35.15217649,120.9124298,Google Street View
39853_2,Trainning,2021,138.693671,35.15223397,120.2565689,Google Street View
39854_1,Trainning,2021,138.693556,35.15229145,120.4891663,Google Street View
39854_2,Trainning,2021,138.693556,35.15229145,120.4891663,Google Street View
39855_1,Trainning,2021,138.6934411,35.15234892,120.6525803,Google Street View
39855_2,Trainning,2021,138.6934411,35.15234892,120.6525803,Google Street View
39856_1,Trainning,2021,138.6933261,35.1524064,120.9572906,Google Street View
39856_2,Trainning,2021,138.6933261,35.1524064,120.9572906,Google Street View
39857_1,Trainning,2021,138.6932111,35.15246388,121.0320129,Google Street View
39857_2,Trainning,2021,138.6932111,35.15246388,121.0320129,Google Street View
39858_1,Trainning,2021,138.6930962,35.15252136,121.1661072,Google Street View
39858_2,Trainning,2021,138.6930962,35.15252136,121.1661072,Google Street View
39859_1,Trainning,2021,138.6929812,35.15257883,121.9207001,Google Street View
39860_1,Trainning,2021,138.6928663,35.15263631,121.7156677,Google Street View
39861_1,Trainning,2021,138.6927513,35.15269379,121.9532623,Google Street View
39862_1,Trainning,2021,138.6926364,35.15275127,347.534668,Google Street View
39864_1,Trainning,2021,138.6924064,35.15286622,341.6937256,Google Street View
39865_1,Trainning,2021,138.6922915,35.1529237,357.0299683,Google Street View
39865_2,Trainning,2021,138.6922915,35.1529237,357.0299683,Google Street View
398_2,Trainning,2021,135.54993,34.72626224,19.36859131,Google Street View
39904_2,Trainning,2021,138.6813522,35.15595302,170.3214264,Google Street View
39907_1,Trainning,2021,138.6809495,35.15598178,90.50630188,Google Street View
39907_2,Trainning,2021,138.6809495,35.15598178,90.50630188,Google Street View
39908_1,Trainning,2021,138.6808153,35.15599137,91.99629974,Google Street View
39908_2,Trainning,2021,138.6808153,35.15599137,91.99629974,Google Street View
39909_1,Trainning,2021,138.6806811,35.15600096,92.26016998,Google Street View
39909_2,Trainning,2021,138.6806811,35.15600096,92.26016998,Google Street View
39915_1,Trainning,2021,138.6918611,35.153,10.5027256,Google Street View
39915_2,Trainning,2021,138.6918611,35.153,10.5027256,Google Street View
39917_1,Trainning,2021,138.691625,35.15310625,10.89487648,Google Street View
39918_1,Trainning,2021,138.691507,35.15315937,121.8492279,Google Street View
39922_1,Trainning,2021,138.6910348,35.15337186,119.9656219,Google Street View
39933_1,Trainning,2021,138.6897362,35.1539562,121.2848129,Google Street View
39933_2,Trainning,2021,138.6897362,35.1539562,121.2848129,Google Street View
39943_1,Trainning,2021,138.6885558,35.15448742,121.8859711,Google Street View
399_2,Trainning,2021,135.5499656,34.72636905,19.43556976,Google Street View
39_1,Trainning,2021,135.5652059,34.73934888,46.83633804,Google Street View
40090_1,Trainning,2021,138.65022,35.13375572,250.3283081,Google Street View
40090_2,Trainning,2021,138.65022,35.13375572,250.3283081,Google Street View
40091_2,Trainning,2021,138.6500939,35.13371692,250.1026764,Google Street View
400_1,Trainning,2021,135.5500012,34.72647586,19.60838318,Google Street View
400_2,Trainning,2021,135.5500012,34.72647586,19.60838318,Google Street View
40136_1,Trainning,2021,138.6506014,35.13387639,249.2047577,Google Street View
40136_2,Trainning,2021,138.6506014,35.13387639,249.2047577,Google Street View
40138_1,Trainning,2021,138.6640833,35.13827778,71.57206726,Google Street View
40139_1,Trainning,2021,138.6639581,35.13823708,71.12936401,Google Street View
40140_1,Trainning,2021,138.6638329,35.13819639,70.139534,Google Street View
40141_1,Trainning,2021,138.6637077,35.13815569,68.20040894,Google Street View
40147_1,Trainning,2021,138.6629563,35.13791152,250.6920471,Google Street View
40147_2,Trainning,2021,138.6629563,35.13791152,250.6920471,Google Street View
40148_2,Trainning,2021,138.6628311,35.13787082,250.7230835,Google Street View
40149_2,Trainning,2021,138.6627059,35.13783012,250.9084167,Google Street View
40152_1,Trainning,2021,138.6623302,35.13770804,250.7776489,Google Street View
40152_2,Trainning,2021,138.6623302,35.13770804,250.7776489,Google Street View
40153_1,Trainning,2021,138.662205,35.13766734,250.7047424,Google Street View
40154_1,Trainning,2021,138.6620798,35.13762664,13.50563526,Google Street View
40158_2,Trainning,2021,138.6615789,35.13746386,251.4824524,Google Street View
40159_1,Trainning,2021,138.6614537,35.13742316,251.4264221,Google Street View
40160_1,Trainning,2021,138.6613285,35.13738246,250.93927,Google Street View
40160_2,Trainning,2021,138.6613285,35.13738246,250.93927,Google Street View
40161_1,Trainning,2021,138.6612032,35.13734177,250.6667786,Google Street View
40161_2,Trainning,2021,138.6612032,35.13734177,250.6667786,Google Street View
40165_1,Trainning,2021,138.6607024,35.13717898,249.458847,Google Street View
40165_2,Trainning,2021,138.6607024,35.13717898,249.458847,Google Street View
40167_1,Trainning,2021,138.6604519,35.13709759,249.3907471,Google Street View
40167_2,Trainning,2021,138.6604519,35.13709759,249.3907471,Google Street View
40168_1,Trainning,2021,138.6603267,35.13705689,249.464386,Google Street View
40168_2,Trainning,2021,138.6603267,35.13705689,249.464386,Google Street View
40169_1,Trainning,2021,138.6602015,35.1370162,249.7480469,Google Street View
40169_2,Trainning,2021,138.6602015,35.1370162,249.7480469,Google Street View
40170_1,Trainning,2021,138.6600763,35.1369755,249.9412384,Google Street View
40170_2,Trainning,2021,138.6600763,35.1369755,249.9412384,Google Street View
40171_2,Trainning,2021,138.659951,35.1369348,249.6527252,Google Street View
40172_1,Trainning,2021,138.6598258,35.13689411,249.600235,Google Street View
40173_1,Trainning,2021,138.6597006,35.13685341,249.3107452,Google Street View
40174_1,Trainning,2021,138.6595754,35.13681271,248.9213867,Google Street View
40178_1,Trainning,2021,138.6590745,35.13664993,249.2144928,Google Street View
40178_2,Trainning,2021,138.6590745,35.13664993,249.2144928,Google Street View
40180_1,Trainning,2021,138.658824,35.13656853,248.8615417,Google Street View
40181_1,Trainning,2021,138.6586988,35.13652784,248.9672241,Google Street View
40182_1,Trainning,2021,138.6585736,35.13648714,248.9719238,Google Street View
40183_1,Trainning,2021,138.6584484,35.13644644,248.8006287,Google Street View
40184_1,Trainning,2021,138.6583232,35.13640575,248.8530579,Google Street View
40185_1,Trainning,2021,138.6581979,35.13636505,248.8489685,Google Street View
40186_1,Trainning,2021,138.6580727,35.13632435,248.808609,Google Street View
40188_1,Trainning,2021,138.6578223,35.13624296,248.9673157,Google Street View
40188_2,Trainning,2021,138.6578223,35.13624296,248.9673157,Google Street View
40194_2,Trainning,2021,138.657071,35.13599878,249.079834,Google Street View
40195_1,Trainning,2021,138.6569457,35.13595808,249.1412964,Google Street View
40196_1,Trainning,2021,138.6568205,35.13591738,249.0857086,Google Street View
40197_2,Trainning,2021,138.6566953,35.13587669,249.1448212,Google Street View
40199_1,Trainning,2021,138.6564448,35.13579529,248.946106,Google Street View
401_1,Trainning,2021,135.5500368,34.72658267,19.74913788,Google Street View
40200_2,Trainning,2021,138.6563196,35.13575459,248.844986,Google Street View
40201_2,Trainning,2021,138.6561944,35.1357139,248.7115479,Google Street View
40202_2,Trainning,2021,138.6560692,35.1356732,248.7174988,Google Street View
40208_1,Trainning,2021,138.6553179,35.13542902,248.4014893,Google Street View
40209_1,Trainning,2021,138.6551926,35.13538832,248.2224121,Google Street View
40209_2,Trainning,2021,138.6551926,35.13538832,248.2224121,Google Street View
40210_1,Trainning,2021,138.6550674,35.13534762,248.0345306,Google Street View
40210_2,Trainning,2021,138.6550674,35.13534762,248.0345306,Google Street View
40211_1,Trainning,2021,138.6549422,35.13530692,248.4064941,Google Street View
40211_2,Trainning,2021,138.6549422,35.13530692,248.4064941,Google Street View
40212_1,Trainning,2021,138.654817,35.13526623,249.2390594,Google Street View
40214_1,Trainning,2021,138.6545665,35.13518483,248.8118286,Google Street View
40240_2,Trainning,2021,138.6699364,35.14001202,250.6304016,Google Street View
40242_2,Trainning,2021,138.669683,35.13993695,250.7892456,Google Street View
40247_1,Trainning,2021,138.6690496,35.13974927,250.0315247,Google Street View
40247_2,Trainning,2021,138.6690496,35.13974927,250.0315247,Google Street View
40248_2,Trainning,2021,138.6689229,35.13971173,250.6118164,Google Street View
40249_1,Trainning,2021,138.6687962,35.13967419,251.3780365,Google Street View
40250_2,Trainning,2021,138.6686695,35.13963665,251.1360168,Google Street View
40254_1,Trainning,2021,138.6681628,35.13948651,70.75582886,Google Street View
40255_2,Trainning,2021,138.6680361,35.13944897,70.86005402,Google Street View
40256_1,Trainning,2021,138.6679094,35.13941143,71.06212616,Google Street View
40256_2,Trainning,2021,138.6679094,35.13941143,71.06212616,Google Street View
40257_1,Trainning,2021,138.6677827,35.1393739,71.24967194,Google Street View
40259_1,Trainning,2021,138.6675293,35.13929882,70.78078461,Google Street View
40265_1,Trainning,2021,138.6667692,35.1390736,71.33992004,Google Street View
40266_1,Trainning,2021,138.6666425,35.13903606,71.22414398,Google Street View
40267_1,Trainning,2021,138.6665158,35.13899852,70.96766663,Google Street View
40270_2,Trainning,2021,138.6661358,35.13888591,71.21057892,Google Street View
40271_2,Trainning,2021,138.6660091,35.13884837,71.04607391,Google Street View
40272_2,Trainning,2021,138.6658824,35.13881084,70.93474579,Google Street View
40274_2,Trainning,2021,138.665629,35.13873576,70.87624359,Google Street View
40278_2,Trainning,2021,138.6651223,35.13858561,71.43235016,Google Street View
40279_2,Trainning,2021,138.6649956,35.13854808,71.42393494,Google Street View
40280_2,Trainning,2021,138.6648689,35.13851054,71.12122345,Google Street View
40282_1,Trainning,2021,138.6646155,35.13843546,70.78482819,Google Street View
40290_2,Trainning,2021,138.6748161,35.1414947,250.5835876,Google Street View
40291_1,Trainning,2021,138.67469,35.14145589,250.7499084,Google Street View
40298_1,Trainning,2021,138.6738072,35.14118426,250.1617737,Google Street View
402_1,Trainning,2021,135.5500724,34.72668948,19.76623535,Google Street View
40306_1,Trainning,2021,138.6727983,35.14087382,249.5012817,Google Street View
40306_2,Trainning,2021,138.6727983,35.14087382,249.5012817,Google Street View
40307_1,Trainning,2021,138.6726721,35.14083502,250.3849945,Google Street View
40314_2,Trainning,2021,138.6717893,35.14056339,241.8055115,Google Street View
40357_2,Trainning,2021,138.6797819,35.15605556,91.48135376,Google Street View
40358_2,Trainning,2021,138.6796472,35.15605556,91.63244629,Google Street View
40362_2,Trainning,2021,138.6791082,35.15605556,91.44671631,Google Street View
40363_1,Trainning,2021,138.6789734,35.15605556,91.34740448,Google Street View
40363_2,Trainning,2021,138.6789734,35.15605556,91.34740448,Google Street View
40364_2,Trainning,2021,138.6788387,35.15605556,91.24446106,Google Street View
40370_2,Trainning,2021,138.6780302,35.15605556,91.42520142,Google Street View
40373_1,Trainning,2021,138.677626,35.15605556,91.50666046,Google Street View
40374_2,Trainning,2021,138.6774912,35.15605556,91.67221069,Google Street View
403_1,Trainning,2021,135.550108,34.72679629,19.71160126,Google Street View
405_2,Trainning,2021,135.5501792,34.72700991,19.55488205,Google Street View
406_1,Trainning,2021,135.5502148,34.72711672,19.52139282,Google Street View
406_2,Trainning,2021,135.5502148,34.72711672,19.52139282,Google Street View
407_2,Trainning,2021,135.5502437,34.72722485,19.52697563,Google Street View
408_2,Trainning,2021,135.5502708,34.72733333,19.47868538,Google Street View
40958_1,Trainning,2021,138.8717264,35.12077778,275.0877075,Google Street View
40958_2,Trainning,2021,138.8717264,35.12077778,275.0877075,Google Street View
40959_1,Trainning,2021,138.8715916,35.12077778,275.4762878,Google Street View
40960_1,Trainning,2021,138.8714569,35.12077778,274.7687378,Google Street View
40960_2,Trainning,2021,138.8714569,35.12077778,274.7687378,Google Street View
40961_1,Trainning,2021,138.8713221,35.12077778,275.6105652,Google Street View
40961_2,Trainning,2021,138.8713221,35.12077778,275.6105652,Google Street View
40962_1,Trainning,2021,138.8711874,35.12077778,276.1348267,Google Street View
40963_1,Trainning,2021,138.8710526,35.12077778,275.6264343,Google Street View
40963_2,Trainning,2021,138.8710526,35.12077778,275.6264343,Google Street View
40964_1,Trainning,2021,138.8709179,35.12077778,274.5775146,Google Street View
40964_2,Trainning,2021,138.8709179,35.12077778,274.5775146,Google Street View
40965_1,Trainning,2021,138.8707831,35.12077778,275.7104797,Google Street View
40965_2,Trainning,2021,138.8707831,35.12077778,275.7104797,Google Street View
40966_2,Trainning,2021,138.8706484,35.12077778,275.3839417,Google Street View
40968_1,Trainning,2021,138.8703789,35.12077778,274.9039917,Google Street View
40969_1,Trainning,2021,138.8702441,35.12077778,275.4138794,Google Street View
40969_2,Trainning,2021,138.8702441,35.12077778,275.4138794,Google Street View
40970_2,Trainning,2021,138.8701094,35.12077778,275.3667908,Google Street View
40971_1,Trainning,2021,138.8699746,35.12077778,275.0358887,Google Street View
40973_1,Trainning,2021,138.8697052,35.12077778,275.2772827,Google Street View
40973_2,Trainning,2021,138.8697052,35.12077778,275.2772827,Google Street View
40974_1,Trainning,2021,138.8695704,35.12077778,274.9494019,Google Street View
40974_2,Trainning,2021,138.8695704,35.12077778,274.9494019,Google Street View
40975_1,Trainning,2021,138.8694357,35.12077778,275.4269409,Google Street View
40975_2,Trainning,2021,138.8694357,35.12077778,275.4269409,Google Street View
40976_1,Trainning,2021,138.8693009,35.12077778,274.9972229,Google Street View
40976_2,Trainning,2021,138.8693009,35.12077778,274.9972229,Google Street View
40977_1,Trainning,2021,138.8691662,35.12077778,275.1083374,Google Street View
40978_1,Trainning,2021,138.8690314,35.12077778,274.7048035,Google Street View
40978_2,Trainning,2021,138.8690314,35.12077778,274.7048035,Google Street View
40979_1,Trainning,2021,138.8688967,35.12077778,274.5387268,Google Street View
40979_2,Trainning,2021,138.8688967,35.12077778,274.5387268,Google Street View
409_2,Trainning,2021,135.550298,34.72744181,19.41916847,Google Street View
41052_1,Trainning,2021,138.854582,35.12054811,252.5359497,Google Street View
41052_2,Trainning,2021,138.854582,35.12054811,252.5359497,Google Street View
413_2,Trainning,2021,135.5504064,34.72787573,19.03315735,Google Street View
417_1,Trainning,2021,135.5505575,34.72828835,263.5984497,Google Street View
417_2,Trainning,2021,135.5505575,34.72828835,263.5984497,Google Street View
41_2,Trainning,2021,135.5653232,34.73943446,46.95617294,Google Street View
420_1,Trainning,2021,135.5508715,34.72849765,37.54092407,Google Street View
420_2,Trainning,2021,135.5508715,34.72849765,37.54092407,Google Street View
42332_1,Trainning,2021,138.9286559,35.11706916,16.74399185,Google Street View
42332_2,Trainning,2021,138.9286559,35.11706916,16.74399185,Google Street View
429_1,Trainning,2021,135.5518133,34.72912553,226.3065948,Google Street View
429_2,Trainning,2021,135.5518133,34.72912553,226.3065948,Google Street View
430_2,Trainning,2021,135.5519179,34.7291953,226.5202026,Google Street View
431_2,Trainning,2021,135.5520226,34.72926506,226.7989502,Google Street View
4334_1,Trainning,2021,135.7455253,34.96693104,1.880106211,Google Street View
4334_2,Trainning,2021,135.7455253,34.96693104,1.880106211,Google Street View
433_2,Trainning,2021,135.5521667,34.72936111,226.8664093,Google Street View
4349_2,Trainning,2021,135.74575,34.97672292,182.1980896,Google Street View
4351_2,Trainning,2021,135.74575,34.9765021,92.45598602,Google Street View
4356_1,Trainning,2021,135.74575,34.97595005,181.3511963,Google Street View
4362_1,Trainning,2021,135.74575,34.97528758,1.360960841,Google Street View
436_2,Trainning,2021,135.5524806,34.72957041,225.6086273,Google Street View
4375_2,Trainning,2021,135.74575,34.97385221,180.9463959,Google Street View
4376_2,Trainning,2021,135.74575,34.9737418,181.2125549,Google Street View
437_1,Trainning,2021,135.5525853,34.72964017,225.8538361,Google Street View
437_2,Trainning,2021,135.5525853,34.72964017,225.8538361,Google Street View
4381_1,Trainning,2021,135.74575,34.97905556,267.1511841,Google Street View
4384_1,Trainning,2021,135.74575,34.97872434,182.4094391,Google Street View
4385_1,Trainning,2021,135.74575,34.97861393,182.7221832,Google Street View
4386_1,Trainning,2021,135.74575,34.97850352,182.7342987,Google Street View
4387_1,Trainning,2021,135.74575,34.97839312,182.7295685,Google Street View
4388_1,Trainning,2021,135.74575,34.97828271,182.4991913,Google Street View
438_2,Trainning,2021,135.5526899,34.72970994,226.6762543,Google Street View
4392_1,Trainning,2021,135.74575,34.97784108,182.2931824,Google Street View
4393_1,Trainning,2021,135.74575,34.97773067,182.2432098,Google Street View
4395_1,Trainning,2021,135.74575,34.97750985,182.8237457,Google Street View
4395_2,Trainning,2021,135.74575,34.97750985,182.8237457,Google Street View
4396_1,Trainning,2021,135.74575,34.97739944,182.4530487,Google Street View
4396_2,Trainning,2021,135.74575,34.97739944,182.4530487,Google Street View
439_2,Trainning,2021,135.5527945,34.7297797,227.098877,Google Street View
43_2,Trainning,2021,135.565525,34.73958116,46.52783966,Google Street View
4408_1,Trainning,2021,135.7463304,34.97905556,235.3774109,Google Street View
440_2,Trainning,2021,135.5528992,34.72984947,226.5379791,Google Street View
4412_2,Trainning,2021,135.7457914,34.97905556,266.8148804,Google Street View
4421_1,Trainning,2021,135.8583521,34.9998154,25.61628723,Google Street View
4429_2,Trainning,2021,135.8591471,35.00106377,34.65424728,Google Street View
4430_2,Trainning,2021,135.8592325,35.00114916,36.83219528,Google Street View
4432_2,Trainning,2021,135.8594033,35.00131993,43.99968719,Google Street View
4433_2,Trainning,2021,135.8594887,35.00140532,45.6891098,Google Street View
4434_2,Trainning,2021,135.859574,35.00149071,46.51282883,Google Street View
4447_1,Trainning,2021,135.8611962,35.00200052,78.79406738,Google Street View
4447_2,Trainning,2021,135.8611962,35.00200052,78.79406738,Google Street View
4448_2,Trainning,2021,135.8613235,35.00203687,82.00601959,Google Street View
4450_1,Trainning,2021,135.8615779,35.00210957,86.38922119,Google Street View
4452_1,Trainning,2021,135.8618455,35.00208728,89.85331726,Google Street View
4452_2,Trainning,2021,135.8618455,35.00208728,89.85331726,Google Street View
4453_2,Trainning,2021,135.8619794,35.0020751,90.14529419,Google Street View
4454_1,Trainning,2021,135.8621134,35.00206293,89.83869171,Google Street View
4454_2,Trainning,2021,135.8621134,35.00206293,89.83869171,Google Street View
4462_1,Trainning,2021,135.8631848,35.00196553,89.37833405,Google Street View
4465_2,Trainning,2021,135.8635865,35.001929,89.9551239,Google Street View
4466_1,Trainning,2021,135.8637205,35.00191683,90.07954407,Google Street View
4467_1,Trainning,2021,135.8638544,35.00190465,89.92987823,Google Street View
4468_1,Trainning,2021,135.8639883,35.00189247,89.62725067,Google Street View
4469_1,Trainning,2021,135.8641222,35.0018803,89.39014435,Google Street View
4470_1,Trainning,2021,135.8642562,35.00186812,89.22877502,Google Street View
4471_1,Trainning,2021,135.8643901,35.00185595,89.15731049,Google Street View
4476_1,Trainning,2021,135.865042,35.00185852,89.26143646,Google Street View
4477_1,Trainning,2021,135.8651763,35.00186692,88.97485352,Google Street View
447_2,Trainning,2021,135.5460998,34.70391367,0.882786989,Google Street View
4483_2,Trainning,2021,135.8659825,35.0019173,190.6635284,Google Street View
4486_2,Trainning,2021,135.8663855,35.0019425,191.5272217,Google Street View
448_1,Trainning,2021,135.5461072,34.70402428,0.912220538,Google Street View
4498_1,Trainning,2021,135.8679978,35.00204326,89.49060059,Google Street View
44_2,Trainning,2021,135.565626,34.73965452,355.7098083,Google Street View
4500_1,Trainning,2021,135.8682665,35.00206006,89.6570816,Google Street View
4504_2,Trainning,2021,135.8688039,35.00209365,91.19567108,Google Street View
4505_1,Trainning,2021,135.8689383,35.00210205,91.80125427,Google Street View
4506_1,Trainning,2021,135.8690727,35.00211044,92.78836823,Google Street View
4506_2,Trainning,2021,135.8690727,35.00211044,92.78836823,Google Street View
4507_1,Trainning,2021,135.8692055,35.00209365,93.47931671,Google Street View
4507_2,Trainning,2021,135.8692055,35.00209365,93.47931671,Google Street View
4509_1,Trainning,2021,135.869471,35.00205573,95.37812042,Google Street View
450_1,Trainning,2021,135.5461219,34.7042455,0.954292119,Google Street View
450_2,Trainning,2021,135.5461219,34.7042455,0.954292119,Google Street View
4510_1,Trainning,2021,135.8696038,35.00203676,177.8823853,Google Street View
4510_2,Trainning,2021,135.8696038,35.00203676,177.8823853,Google Street View
4513_2,Trainning,2021,135.870002,35.00197987,185.8363037,Google Street View
4514_1,Trainning,2021,135.8701347,35.00196091,277.6725769,Google Street View
4515_1,Trainning,2021,135.8702675,35.00194194,279.3220825,Google Street View
4515_2,Trainning,2021,135.8702675,35.00194194,279.3220825,Google Street View
4516_1,Trainning,2021,135.8704002,35.00192298,281.507019,Google Street View
4516_2,Trainning,2021,135.8704002,35.00192298,281.507019,Google Street View
4517_1,Trainning,2021,135.870533,35.00190402,281.711792,Google Street View
4517_2,Trainning,2021,135.870533,35.00190402,281.711792,Google Street View
4518_1,Trainning,2021,135.8706657,35.00188505,281.9186401,Google Street View
4518_2,Trainning,2021,135.8706657,35.00188505,281.9186401,Google Street View
4519_1,Trainning,2021,135.8707985,35.00186609,282.1748657,Google Street View
4519_2,Trainning,2021,135.8707985,35.00186609,282.1748657,Google Street View
451_2,Trainning,2021,135.5461293,34.70435611,0.956943452,Google Street View
4520_1,Trainning,2021,135.8709312,35.00184713,282.286499,Google Street View
4520_2,Trainning,2021,135.8709312,35.00184713,282.286499,Google Street View
4521_1,Trainning,2021,135.8526944,34.99377778,258.874054,Google Street View
4522_1,Trainning,2021,135.8528292,34.99377778,273.4936218,Google Street View
4522_2,Trainning,2021,135.8528292,34.99377778,273.4936218,Google Street View
4523_1,Trainning,2021,135.8529639,34.99377778,280.3335876,Google Street View
4528_1,Trainning,2021,135.8536377,34.99377778,288.5124512,Google Street View
452_1,Trainning,2021,135.5461367,34.70446672,0.9185251,Google Street View
455_2,Trainning,2021,135.5461588,34.70479854,1.061457872,Google Street View
4569_1,Trainning,2021,135.857588,34.99548613,170.6085358,Google Street View
456_1,Trainning,2021,135.5461662,34.70490915,1.207475781,Google Street View
4570_1,Trainning,2021,135.8575525,34.99559261,169.9508209,Google Street View
4573_2,Trainning,2021,135.857446,34.99591207,169.9761047,Google Street View
4574_2,Trainning,2021,135.8574105,34.99601856,170.4370728,Google Street View
4575_1,Trainning,2021,135.857375,34.99612504,170.3521729,Google Street View
4576_1,Trainning,2021,135.8573395,34.99623153,170.1719208,Google Street View
4578_2,Trainning,2021,135.8572685,34.9964445,169.671936,Google Street View
4579_1,Trainning,2021,135.857233,34.99655098,169.3289642,Google Street View
457_1,Trainning,2021,135.5461735,34.70501976,1.050721765,Google Street View
457_2,Trainning,2021,135.5461735,34.70501976,1.050721765,Google Street View
4580_2,Trainning,2021,135.8571975,34.99665747,170.507782,Google Street View
458_1,Trainning,2021,135.5461809,34.70513037,0.651219428,Google Street View
4594_2,Trainning,2021,135.8576541,34.99802198,195.1201477,Google Street View
4595_2,Trainning,2021,135.8576936,34.9981275,195.2704163,Google Street View
4596_2,Trainning,2021,135.8577332,34.99823301,195.4578552,Google Street View
4598_2,Trainning,2021,135.8578123,34.99844404,195.690918,Google Street View
459_2,Trainning,2021,135.5461883,34.70524098,0.328212649,Google Street View
45_1,Trainning,2021,135.5657269,34.73972787,47.00455856,Google Street View
4601_2,Trainning,2021,135.8579311,34.99876058,195.4250946,Google Street View
4604_2,Trainning,2021,135.8580498,34.99907713,200.8784637,Google Street View
4605_2,Trainning,2021,135.8580893,34.99918264,201.624939,Google Street View
4639_2,Trainning,2021,135.8306899,34.99119332,245.578125,Google Street View
463_1,Trainning,2021,135.5462178,34.70568341,0.885811687,Google Street View
4641_2,Trainning,2021,135.8309477,34.99125776,246.1225891,Google Street View
4644_2,Trainning,2021,135.8313343,34.99135442,246.2994843,Google Street View
4645_2,Trainning,2021,135.8314632,34.99138664,246.5687561,Google Street View
4646_2,Trainning,2021,135.8315921,34.99141886,247.0350647,Google Street View
4648_2,Trainning,2021,135.8318499,34.9914833,248.4607544,Google Street View
4649_2,Trainning,2021,135.8319787,34.99151552,249.7289429,Google Street View
464_1,Trainning,2021,135.5462252,34.70579402,0.818659484,Google Street View
4650_1,Trainning,2021,135.8321076,34.99154774,251.0475769,Google Street View
4651_1,Trainning,2021,135.832241,34.99155556,260.6177673,Google Street View
4652_2,Trainning,2021,135.8323757,34.99155556,267.3968811,Google Street View
4658_2,Trainning,2021,135.8331842,34.99155556,138.5243835,Google Street View
465_1,Trainning,2021,135.5462325,34.70590463,0.67627722,Google Street View
465_2,Trainning,2021,135.5462325,34.70590463,0.67627722,Google Street View
4660_2,Trainning,2021,135.8334537,34.99155556,119.6643753,Google Street View
4661_2,Trainning,2021,135.8335884,34.99155556,117.3796997,Google Street View
4663_2,Trainning,2021,135.8338579,34.99155556,97.39168549,Google Street View
4665_2,Trainning,2021,135.8341274,34.99155556,55.30344772,Google Street View
4674_2,Trainning,2021,135.8349363,34.99168196,279.0674133,Google Street View
4675_2,Trainning,2021,135.8350646,34.9916482,279.4955139,Google Street View
4676_2,Trainning,2021,135.8351929,34.99161444,279.9759216,Google Street View
4679_2,Trainning,2021,135.8355778,34.99151315,282.9828491,Google Street View
467_1,Trainning,2021,135.5462473,34.70612584,0.50811559,Google Street View
467_2,Trainning,2021,135.5462473,34.70612584,0.50811559,Google Street View
4681_2,Trainning,2021,135.8358344,34.99144563,283.8970337,Google Street View
4683_2,Trainning,2021,135.836091,34.99137811,285.4973755,Google Street View
468_1,Trainning,2021,135.5462546,34.70623645,0.642724693,Google Street View
4695_1,Trainning,2021,135.8376304,34.99097298,91.81132507,Google Street View
4696_1,Trainning,2021,135.8377587,34.99093922,95.14842987,Google Street View
4696_2,Trainning,2021,135.8377587,34.99093922,95.14842987,Google Street View
4697_1,Trainning,2021,135.837887,34.99090546,96.98587799,Google Street View
4699_1,Trainning,2021,135.8381436,34.99083794,101.4862137,Google Street View
469_1,Trainning,2021,135.546262,34.70634706,359.5776062,Google Street View
469_2,Trainning,2021,135.546262,34.70634706,359.5776062,Google Street View
46_1,Trainning,2021,135.5658279,34.73980122,47.06322861,Google Street View
4700_1,Trainning,2021,135.8382719,34.99080418,107.3871002,Google Street View
4701_1,Trainning,2021,135.8384002,34.99077042,111.2856369,Google Street View
4704_2,Trainning,2021,135.8387851,34.99066913,117.2986908,Google Street View
4705_1,Trainning,2021,135.8389134,34.99063537,115.9236908,Google Street View
4705_2,Trainning,2021,135.8389134,34.99063537,115.9236908,Google Street View
4707_1,Trainning,2021,135.8391699,34.99056785,108.927742,Google Street View
4709_1,Trainning,2021,135.8394265,34.99050033,107.8608017,Google Street View
4709_2,Trainning,2021,135.8394265,34.99050033,107.8608017,Google Street View
470_1,Trainning,2021,135.5462694,34.70645767,281.8312988,Google Street View
470_2,Trainning,2021,135.5462694,34.70645767,281.8312988,Google Street View
4711_1,Trainning,2021,135.8274167,34.98544444,192.6869354,Google Street View
4711_2,Trainning,2021,135.8274167,34.98544444,192.6869354,Google Street View
4715_1,Trainning,2021,135.8275168,34.98587834,193.0770874,Google Street View
4715_2,Trainning,2021,135.8275168,34.98587834,193.0770874,Google Street View
4716_1,Trainning,2021,135.8275418,34.98598682,193.3119659,Google Street View
4721_1,Trainning,2021,135.827667,34.9865292,192.5032806,Google Street View
4722_1,Trainning,2021,135.827692,34.98663767,192.7338257,Google Street View
4723_1,Trainning,2021,135.8277171,34.98674615,193.1545715,Google Street View
4723_2,Trainning,2021,135.8277171,34.98674615,193.1545715,Google Street View
4724_1,Trainning,2021,135.8277421,34.98685462,192.9458771,Google Street View
4724_2,Trainning,2021,135.8277421,34.98685462,192.9458771,Google Street View
4725_1,Trainning,2021,135.8277671,34.9869631,12.35205555,Google Street View
4728_1,Trainning,2021,135.8278422,34.98728852,6.345442295,Google Street View
4748_2,Trainning,2021,135.8400255,34.99034778,70.07030487,Google Street View
4772_2,Trainning,2021,135.843057,34.99022373,253.4284668,Google Street View
4777_2,Trainning,2021,135.8436945,34.99040224,253.4331055,Google Street View
4786_2,Trainning,2021,135.844842,34.99072355,254.0052948,Google Street View
47_2,Trainning,2021,135.5659288,34.73987457,47.17436218,Google Street View
4861_2,Trainning,2021,135.8175171,34.98123451,269.9474182,Google Street View
4862_1,Trainning,2021,135.8176518,34.9812297,270.5473022,Google Street View
4864_1,Trainning,2021,135.817921,34.98122009,270.6930542,Google Street View
4867_1,Trainning,2021,135.8183249,34.98120566,270.5623169,Google Street View
4868_1,Trainning,2021,135.8184595,34.98120085,270.6412354,Google Street View
4869_2,Trainning,2021,135.8185941,34.98119605,270.7047424,Google Street View
4870_1,Trainning,2021,135.8187287,34.98119124,270.9963684,Google Street View
4870_2,Trainning,2021,135.8187287,34.98119124,270.9963684,Google Street View
4871_1,Trainning,2021,135.8188633,34.98118643,271.0812378,Google Street View
4872_2,Trainning,2021,135.8189979,34.98118162,271.0411987,Google Street View
4873_1,Trainning,2021,135.8191326,34.98117681,271.0329895,Google Street View
4873_2,Trainning,2021,135.8191326,34.98117681,271.0329895,Google Street View
4874_2,Trainning,2021,135.8192672,34.98117201,270.8619385,Google Street View
4875_1,Trainning,2021,135.8194018,34.9811672,271.4836731,Google Street View
4875_2,Trainning,2021,135.8194018,34.9811672,271.4836731,Google Street View
4876_2,Trainning,2021,135.8195364,34.98116239,271.4095764,Google Street View
4877_2,Trainning,2021,135.819671,34.98115758,271.4423828,Google Street View
4878_1,Trainning,2021,135.8198057,34.98115278,271.1799316,Google Street View
4878_2,Trainning,2021,135.8198057,34.98115278,271.1799316,Google Street View
4879_1,Trainning,2021,135.8199403,34.98114797,270.8835449,Google Street View
4879_2,Trainning,2021,135.8199403,34.98114797,270.8835449,Google Street View
4880_2,Trainning,2021,135.8200749,34.98114316,270.7494202,Google Street View
4882_1,Trainning,2021,135.8203441,34.98113354,270.5911255,Google Street View
4882_2,Trainning,2021,135.8203441,34.98113354,270.5911255,Google Street View
4883_1,Trainning,2021,135.8204788,34.98112874,271.1220703,Google Street View
4883_2,Trainning,2021,135.8204788,34.98112874,271.1220703,Google Street View
48_1,Trainning,2021,135.5660297,34.73994792,47.2791214,Google Street View
4900_1,Trainning,2021,135.8227673,34.981047,270.8552246,Google Street View
4900_2,Trainning,2021,135.8227673,34.981047,270.8552246,Google Street View
4903_1,Trainning,2021,135.8231712,34.98103258,271.0368042,Google Street View
4904_2,Trainning,2021,135.8233058,34.98102777,270.8832397,Google Street View
4905_2,Trainning,2021,135.8234404,34.98102296,270.8648987,Google Street View
4906_2,Trainning,2021,135.823575,34.98101815,271.0852051,Google Street View
4907_2,Trainning,2021,135.8237096,34.98101335,271.2196045,Google Street View
4908_2,Trainning,2021,135.8238442,34.98100854,270.9122925,Google Street View
4909_1,Trainning,2021,135.8239789,34.98100373,194.3791504,Google Street View
4915_1,Trainning,2021,135.8247277,34.9811611,267.2412415,Google Street View
4915_2,Trainning,2021,135.8247277,34.9811611,267.2412415,Google Street View
4916_1,Trainning,2021,135.8248566,34.98119332,264.8751831,Google Street View
4917_1,Trainning,2021,135.8249855,34.98122554,259.3632507,Google Street View
4917_2,Trainning,2021,135.8249855,34.98122554,259.3632507,Google Street View
4919_2,Trainning,2021,135.8251944,34.98127778,255.1273804,Google Street View
4920_2,Trainning,2021,135.8253095,34.98133529,248.8720093,Google Street View
4921_1,Trainning,2021,135.8254245,34.9813928,246.3581848,Google Street View
4921_2,Trainning,2021,135.8254245,34.9813928,246.3581848,Google Street View
4922_2,Trainning,2021,135.8255395,34.98145031,241.9987946,Google Street View
4923_2,Trainning,2021,135.8256545,34.98150782,240.2312012,Google Street View
4924_1,Trainning,2021,135.8257696,34.98156533,237.7461853,Google Street View
49_2,Trainning,2021,135.5661307,34.74002127,47.4563942,Google Street View
52_1,Trainning,2021,135.5664335,34.74024133,46.85422516,Google Street View
53_1,Trainning,2021,135.5665345,34.74031468,46.8764267,Google Street View
54_1,Trainning,2021,135.5666354,34.74038803,46.88275146,Google Street View
552_1,Trainning,2021,135.5463333,34.71524199,250.0067596,Google Street View
55_1,Trainning,2021,135.5667363,34.74046138,46.85056305,Google Street View
56637_2,Trainning,2021,139.7392921,35.64551174,52.73105621,Google Street View
56638_2,Trainning,2021,139.7393531,35.64560937,50.35372543,Google Street View
56640_2,Trainning,2021,139.7394751,35.64580463,34.17893219,Google Street View
56641_2,Trainning,2021,139.7395361,35.64590226,30.85414696,Google Street View
56644_1,Trainning,2021,139.7397192,35.64619515,29.64857292,Google Street View
56648_2,Trainning,2021,139.7399633,35.64658567,30.013237,Google Street View
56654_1,Trainning,2021,139.7403294,35.64717144,100.0922699,Google Street View
56654_2,Trainning,2021,139.7403294,35.64717144,100.0922699,Google Street View
56655_2,Trainning,2021,139.7403904,35.64726907,30.4213829,Google Street View
56658_2,Trainning,2021,139.7405734,35.64756196,29.99503708,Google Street View
56662_2,Trainning,2021,139.7410316,35.64769688,34.16835022,Google Street View
56666_1,Trainning,2021,139.7415682,35.64773815,85.85612488,Google Street View
56666_2,Trainning,2021,139.7415682,35.64773815,85.85612488,Google Street View
56670_2,Trainning,2021,139.7421048,35.64777943,86.45849609,Google Street View
56674_1,Trainning,2021,139.7426414,35.6478207,320.9324341,Google Street View
56675_1,Trainning,2021,139.7427755,35.64783102,301.4684143,Google Street View
56676_2,Trainning,2021,139.7429097,35.64784134,88.82049561,Google Street View
56_1,Trainning,2021,135.5668373,34.74053473,18.20262337,Google Street View
57030_1,Trainning,2021,139.7641353,35.68496739,282.0210571,Google Street View
57031_1,Trainning,2021,139.7640044,35.68499356,283.2990112,Google Street View
57045_1,Trainning,2021,139.7728483,35.68272737,295.262085,Google Street View
57045_2,Trainning,2021,139.7728483,35.68272737,295.262085,Google Street View
57046_1,Trainning,2021,139.7727274,35.68277572,294.5235291,Google Street View
57047_2,Trainning,2021,139.7726065,35.68282408,295.963623,Google Street View
57050_2,Trainning,2021,139.7722438,35.68296914,294.6366882,Google Street View
57051_1,Trainning,2021,139.7721229,35.68301749,294.4384155,Google Street View
57051_2,Trainning,2021,139.7721229,35.68301749,294.4384155,Google Street View
57053_1,Trainning,2021,139.7718812,35.6831142,292.7907715,Google Street View
57063_1,Trainning,2021,139.7744264,35.68385275,194.2997589,Google Street View
57070_1,Trainning,2021,139.7740715,35.68314292,207.001297,Google Street View
57078_2,Trainning,2021,139.7656389,35.68461111,202.7625885,Google Street View
57102_2,Trainning,2021,139.7659293,35.6845385,288.0228577,Google Street View
57110_2,Trainning,2021,139.7702592,35.68361954,285.141449,Google Street View
57194_1,Trainning,2021,135.5677457,34.74119488,226.9901581,Google Street View
57194_2,Trainning,2021,135.5677457,34.74119488,226.9901581,Google Street View
575_1,Trainning,2021,135.5254008,34.69717316,277.4183044,Google Street View
575_2,Trainning,2021,135.5254008,34.69717316,277.4183044,Google Street View
57716_2,Trainning,2021,135.5269586,34.69736598,76.9845047,Google Street View
57735_2,Trainning,2021,135.5294515,34.69784539,77.51197815,Google Street View
579_1,Trainning,2021,135.525909,34.69716412,277.4359131,Google Street View
580_1,Trainning,2021,135.5260402,34.69718935,277.1022034,Google Street View
584_2,Trainning,2021,135.526565,34.69729028,257.4801025,Google Street View
585_1,Trainning,2021,135.5266962,34.69731551,77.08335876,Google Street View
585_2,Trainning,2021,135.5266962,34.69731551,77.08335876,Google Street View
58_1,Trainning,2021,135.5670392,34.74068143,46.12854004,Google Street View
58_2,Trainning,2021,135.5670392,34.74068143,46.12854004,Google Street View
590_1,Trainning,2021,135.5273523,34.69744168,77.23017883,Google Street View
590_2,Trainning,2021,135.5273523,34.69744168,77.23017883,Google Street View
592_1,Trainning,2021,135.5276147,34.69749214,77.05821228,Google Street View
592_2,Trainning,2021,135.5276147,34.69749214,77.05821228,Google Street View
593_1,Trainning,2021,135.5277459,34.69751737,76.76517487,Google Street View
594_1,Trainning,2021,135.5278771,34.6975426,76.5198822,Google Street View
594_2,Trainning,2021,135.5278771,34.6975426,76.5198822,Google Street View
595_1,Trainning,2021,135.5280083,34.69756784,76.48590851,Google Street View
596_2,Trainning,2021,135.5281395,34.69759307,76.70368195,Google Street View
599_1,Trainning,2021,135.5285331,34.69766876,75.87325287,Google Street View
59_1,Trainning,2021,135.5671401,34.74075478,46.47257996,Google Street View
600_1,Trainning,2021,135.5286643,34.697694,71.25598907,Google Street View
600_2,Trainning,2021,135.5286643,34.697694,71.25598907,Google Street View
601_1,Trainning,2021,135.5287955,34.69771923,70.36639404,Google Street View
601_2,Trainning,2021,135.5287955,34.69771923,70.36639404,Google Street View
602_1,Trainning,2021,135.5289267,34.69774446,72.65856171,Google Street View
604_1,Trainning,2021,135.5291891,34.69779492,76.14431,Google Street View
604_2,Trainning,2021,135.5291891,34.69779492,76.14431,Google Street View
611_1,Trainning,2021,135.5301076,34.69797155,76.22198486,Google Street View
612_1,Trainning,2021,135.5302388,34.69799678,76.23933411,Google Street View
613_1,Trainning,2021,135.53037,34.69802201,76.78749084,Google Street View
613_2,Trainning,2021,135.53037,34.69802201,76.78749084,Google Street View
614_1,Trainning,2021,135.5305012,34.69804724,76.77387238,Google Street View
617_1,Trainning,2021,135.5308948,34.69812294,76.32850647,Google Street View
619_2,Trainning,2021,135.5311572,34.6981734,76.75930023,Google Street View
61_1,Trainning,2021,135.567342,34.74090148,46.72889709,Google Street View
61_2,Trainning,2021,135.567342,34.74090148,46.72889709,Google Street View
622_1,Trainning,2021,135.5315508,34.6982491,81.49420166,Google Street View
622_2,Trainning,2021,135.5315508,34.6982491,81.49420166,Google Street View
623_2,Trainning,2021,135.531682,34.69827433,79.82807159,Google Street View
624_1,Trainning,2021,135.5318133,34.69829956,77.69263458,Google Street View
624_2,Trainning,2021,135.5318133,34.69829956,77.69263458,Google Street View
625_1,Trainning,2021,135.5319445,34.69832479,76.96129608,Google Street View
625_2,Trainning,2021,135.5319445,34.69832479,76.96129608,Google Street View
62_1,Trainning,2021,135.5674429,34.74097483,47.08282089,Google Street View
63609_1,Trainning,2021,135.8830901,34.99542124,150.3364105,Google Street View
63_2,Trainning,2021,135.5675439,34.74104818,226.0124969,Google Street View
642_1,Trainning,2021,135.5340525,34.69871915,77.9892807,Google Street View
642_2,Trainning,2021,135.5340525,34.69871915,77.9892807,Google Street View
64576_2,Trainning,2021,135.9457156,34.9901238,347.3908081,Google Street View
646_2,Trainning,2021,135.5345788,34.69881484,257.4439087,Google Street View
64705_1,Trainning,2021,135.9555975,35.00121652,13.8432312,Google Street View
64_1,Trainning,2021,135.5676448,34.74112153,178.1529236,Google Street View
64_2,Trainning,2021,135.5676448,34.74112153,178.1529236,Google Street View
651_1,Trainning,2021,135.5352367,34.69893444,257.605011,Google Street View
654_1,Trainning,2021,135.5356314,34.69900621,258.8428345,Google Street View
654_2,Trainning,2021,135.5356314,34.69900621,258.8428345,Google Street View
655_2,Trainning,2021,135.5357629,34.69903013,260.222229,Google Street View
656_1,Trainning,2021,135.5358945,34.69905405,258.4921875,Google Street View
656_2,Trainning,2021,135.5358945,34.69905405,258.4921875,Google Street View
657_1,Trainning,2021,135.5360261,34.69907797,257.7401733,Google Street View
657_2,Trainning,2021,135.5360261,34.69907797,257.7401733,Google Street View
660_1,Trainning,2021,135.5363101,34.69915606,11.85501671,Google Street View
660_2,Trainning,2021,135.5363101,34.69915606,11.85501671,Google Street View
662_1,Trainning,2021,135.5365647,34.6992288,257.2538147,Google Street View
663_1,Trainning,2021,135.536692,34.69926516,257.2281189,Google Street View
663_2,Trainning,2021,135.536692,34.69926516,257.2281189,Google Street View
66691_1,Trainning,2021,136.4266303,34.856435,109.3425903,Google Street View
66_1,Trainning,2021,135.5678467,34.74126823,46.62042236,Google Street View
66_2,Trainning,2021,135.5678467,34.74126823,46.62042236,Google Street View
67_1,Trainning,2021,135.5679476,34.74134158,226.7984467,Google Street View
67_2,Trainning,2021,135.5679476,34.74134158,226.7984467,Google Street View
682_2,Trainning,2021,135.539078,34.69963889,257.4187622,Google Street View
685_2,Trainning,2021,135.5393752,34.69968291,257.8835144,Google Street View
689_1,Trainning,2021,135.5399035,34.69977095,257.5494995,Google Street View
689_2,Trainning,2021,135.5399035,34.69977095,257.5494995,Google Street View
68_1,Trainning,2021,135.5680486,34.74141493,226.6831207,Google Street View
68_2,Trainning,2021,135.5680486,34.74141493,226.6831207,Google Street View
690_1,Trainning,2021,135.5400355,34.69979296,257.7185059,Google Street View
690_2,Trainning,2021,135.5400355,34.69979296,257.7185059,Google Street View
692_2,Trainning,2021,135.5402997,34.69983698,258.0551758,Google Street View
69_2,Trainning,2021,135.5681495,34.74148828,227.0888214,Google Street View
6_1,Trainning,2021,135.5621244,34.73681887,47.51540756,Google Street View
701_2,Trainning,2021,135.5415012,34.69995474,267.4821777,Google Street View
704_1,Trainning,2021,135.5419046,34.69997597,264.5617371,Google Street View
705_1,Trainning,2021,135.5420391,34.69998305,267.8429871,Google Street View
706_1,Trainning,2021,135.5421735,34.69999013,268.0226746,Google Street View
706_2,Trainning,2021,135.5421735,34.69999013,268.0226746,Google Street View
709_1,Trainning,2021,135.542577,34.70001136,268.8739929,Google Street View
70_2,Trainning,2021,135.5682504,34.74156163,227.0876617,Google Street View
712_1,Trainning,2021,135.5429804,34.70003259,267.4500122,Google Street View
713_1,Trainning,2021,135.5431148,34.70003967,267.5091858,Google Street View
713_2,Trainning,2021,135.5431148,34.70003967,267.5091858,Google Street View
714_1,Trainning,2021,135.5432493,34.70004675,267.5939636,Google Street View
715_1,Trainning,2021,135.5433838,34.70005382,267.5532837,Google Street View
716_2,Trainning,2021,135.5435183,34.7000609,266.9562378,Google Street View
717_2,Trainning,2021,135.5436527,34.70006798,267.0263062,Google Street View
71_1,Trainning,2021,135.5683514,34.74163498,226.8615112,Google Street View
729_2,Trainning,2021,135.5452664,34.70015291,266.8269653,Google Street View
731_1,Trainning,2021,135.5455353,34.70016706,266.9624634,Google Street View
732_1,Trainning,2021,135.5456698,34.70017414,269.2527161,Google Street View
732_2,Trainning,2021,135.5456698,34.70017414,269.2527161,Google Street View
733_2,Trainning,2021,135.5458043,34.70018122,271.9529419,Google Street View
735_1,Trainning,2021,135.5460556,34.70019444,296.9731445,Google Street View
73756_1,Trainning,2021,136.6787068,35.04722301,26.67448807,Google Street View
73758_1,Trainning,2021,136.6785926,35.04702317,26.95827675,Google Street View
73_1,Trainning,2021,135.5685533,34.74178168,157.3537445,Google Street View
73_2,Trainning,2021,135.5685533,34.74178168,157.3537445,Google Street View
74_2,Trainning,2021,135.5686542,34.74185503,226.7243042,Google Street View
75_1,Trainning,2021,135.5687551,34.74192838,226.652359,Google Street View
75_2,Trainning,2021,135.5687551,34.74192838,226.652359,Google Street View
76161_2,Trainning,2021,136.925883,35.09985218,336.0055542,Google Street View
76364_2,Trainning,2021,136.9226268,35.10883799,352.9781494,Google Street View
76_1,Trainning,2021,135.5688561,34.74200173,226.7281189,Google Street View
76_2,Trainning,2021,135.5688561,34.74200173,226.7281189,Google Street View
771_1,Trainning,2021,135.5013002,34.69797222,274.4409485,Google Street View
77_1,Trainning,2021,135.568957,34.74207508,226.5288544,Google Street View
77_2,Trainning,2021,135.568957,34.74207508,226.5288544,Google Street View
785_2,Trainning,2021,135.5030864,34.6978542,274.7825317,Google Street View
786_2,Trainning,2021,135.5032205,34.69784347,274.8091125,Google Street View
79282_1,Trainning,2021,137.6315431,34.68052778,272.5597229,Google Street View
795_2,Trainning,2021,135.5044275,34.69774691,274.7562561,Google Street View
799_2,Trainning,2021,135.504964,34.697704,274.6039734,Google Street View
7_1,Trainning,2021,135.56221,34.73690442,47.62572098,Google Street View
807_2,Trainning,2021,135.5060369,34.69761816,358.1469421,Google Street View
80_1,Trainning,2021,135.5692599,34.74229512,227.5396729,Google Street View
81_1,Trainning,2021,135.5693608,34.74236847,226.592392,Google Street View
81_2,Trainning,2021,135.5693608,34.74236847,226.592392,Google Street View
82380_2,Trainning,2021,137.3288236,34.8334966,332.5953979,Google Street View
82428_2,Trainning,2021,137.338381,34.82730952,304.4397278,Google Street View
82429_1,Trainning,2021,137.338496,34.82725198,304.9003296,Google Street View
82475_1,Trainning,2021,137.3405106,34.82555329,317.7420349,Google Street View
82480_1,Trainning,2021,137.3409715,34.82514994,320.2984924,Google Street View
82480_2,Trainning,2021,137.3409715,34.82514994,320.2984924,Google Street View
82481_2,Trainning,2021,137.3410637,34.82506927,320.41922,Google Street View
824_1,Trainning,2021,135.5083168,34.69743577,184.8977051,Google Street View
827_2,Trainning,2021,135.5087199,34.69741667,275.1420288,Google Street View
828_1,Trainning,2021,135.5088547,34.69741667,274.8659058,Google Street View
828_2,Trainning,2021,135.5088547,34.69741667,274.8659058,Google Street View
830_2,Trainning,2021,135.5091111,34.69741667,358.9653015,Google Street View
835_1,Trainning,2021,135.5097848,34.69741667,274.9064941,Google Street View
836_2,Trainning,2021,135.5099196,34.69741667,274.9373169,Google Street View
83_1,Trainning,2021,135.5694849,34.7424666,226.9032288,Google Street View
83_2,Trainning,2021,135.5694849,34.7424666,226.9032288,Google Street View
847_2,Trainning,2021,135.5113128,34.69736317,274.7592468,Google Street View
84_2,Trainning,2021,135.5695809,34.74254431,226.9287262,Google Street View
852_1,Trainning,2021,135.5119816,34.69729628,274.1157227,Google Street View
861_2,Trainning,2021,135.5131855,34.6971759,274.8427124,Google Street View
86667_1,Trainning,2021,137.1534408,34.95880556,275.7469482,Google Street View
86667_2,Trainning,2021,137.1534408,34.95880556,275.7469482,Google Street View
86672_2,Trainning,2021,137.1540628,34.95873954,277.6495972,Google Street View
86673_1,Trainning,2021,137.1541948,34.95871753,277.4055176,Google Street View
86673_2,Trainning,2021,137.1541948,34.95871753,277.4055176,Google Street View
86674_1,Trainning,2021,137.1543269,34.95869552,277.7286987,Google Street View
86674_2,Trainning,2021,137.1543269,34.95869552,277.7286987,Google Street View
86684_2,Trainning,2021,137.0389155,35.0145126,243.5757141,Google Street View
86717_2,Trainning,2021,137.0425622,35.01242872,232.4818573,Google Street View
868_1,Trainning,2021,135.5140928,34.69710307,275.0297241,Google Street View
868_2,Trainning,2021,135.5140928,34.69710307,275.0297241,Google Street View
86_1,Trainning,2021,135.5697728,34.74269972,227.2779388,Google Street View
86_2,Trainning,2021,135.5697728,34.74269972,227.2779388,Google Street View
871_1,Trainning,2021,135.5144957,34.69707621,183.9386139,Google Street View
871_2,Trainning,2021,135.5144957,34.69707621,183.9386139,Google Street View
878_1,Trainning,2021,135.5154359,34.69701354,274.4203186,Google Street View
878_2,Trainning,2021,135.5154359,34.69701354,274.4203186,Google Street View
879_1,Trainning,2021,135.5155702,34.69700458,274.7391357,Google Street View
879_2,Trainning,2021,135.5155702,34.69700458,274.7391357,Google Street View
880_1,Trainning,2021,135.5157045,34.69699563,275.475708,Google Street View
880_2,Trainning,2021,135.5157045,34.69699563,275.475708,Google Street View
881_1,Trainning,2021,135.5158388,34.69698667,276.0644531,Google Street View
881_2,Trainning,2021,135.5158388,34.69698667,276.0644531,Google Street View
882_2,Trainning,2021,135.5159731,34.69697772,275.850708,Google Street View
883_1,Trainning,2021,135.5161074,34.69696877,5.430810452,Google Street View
883_2,Trainning,2021,135.5161074,34.69696877,5.430810452,Google Street View
886_1,Trainning,2021,135.5165103,34.69694191,277.563446,Google Street View
886_2,Trainning,2021,135.5165103,34.69694191,277.563446,Google Street View
889_1,Trainning,2021,135.5169132,34.69691504,274.3620605,Google Street View
889_2,Trainning,2021,135.5169132,34.69691504,274.3620605,Google Street View
893_1,Trainning,2021,135.5174504,34.69687923,275.6600037,Google Street View
894_2,Trainning,2021,135.5175848,34.69687027,275.6579285,Google Street View
897_2,Trainning,2021,135.5178523,34.69689002,3.258029938,Google Street View
8_1,Trainning,2021,135.5622955,34.73698997,47.40419006,Google Street View
901_2,Trainning,2021,135.5183726,34.69700564,265.6275635,Google Street View
903_1,Trainning,2021,135.5186328,34.69706346,252.9520416,Google Street View
904_1,Trainning,2021,135.5187629,34.69709236,251.428833,Google Street View
904_2,Trainning,2021,135.5187629,34.69709236,251.428833,Google Street View
905_1,Trainning,2021,135.5188929,34.69712127,250.4777069,Google Street View
905_2,Trainning,2021,135.5188929,34.69712127,250.4777069,Google Street View
908_1,Trainning,2021,135.5192832,34.69720799,251.2878265,Google Street View
909_2,Trainning,2021,135.5194133,34.6972369,251.9634247,Google Street View
910_1,Trainning,2021,135.5195433,34.69726581,251.180481,Google Street View
911_2,Trainning,2021,135.5196734,34.69729471,251.1861877,Google Street View
91257_1,Trainning,2021,138.259891,34.86707409,49.89567947,Google Street View
912_1,Trainning,2021,135.5198035,34.69732362,251.0539551,Google Street View
912_2,Trainning,2021,135.5198035,34.69732362,251.0539551,Google Street View
914_2,Trainning,2021,135.5200637,34.69738143,245.585022,Google Street View
915_1,Trainning,2021,135.5201937,34.69741034,247.3473969,Google Street View
915_2,Trainning,2021,135.5201937,34.69741034,247.3473969,Google Street View
916_1,Trainning,2021,135.5203275,34.69741667,251.8158417,Google Street View
916_2,Trainning,2021,135.5203275,34.69741667,251.8158417,Google Street View
917_1,Trainning,2021,135.5204622,34.69741667,252.2288513,Google Street View
917_2,Trainning,2021,135.5204622,34.69741667,252.2288513,Google Street View
918_1,Trainning,2021,135.5205969,34.69741667,253.2985535,Google Street View
918_2,Trainning,2021,135.5205969,34.69741667,253.2985535,Google Street View
919_2,Trainning,2021,135.5207317,34.69741667,254.5799561,Google Street View
920_1,Trainning,2021,135.5207778,34.69741667,256.2246399,Google Street View
920_2,Trainning,2021,135.5207778,34.69741667,256.2246399,Google Street View
92207_1,Trainning,2021,138.3674449,34.99775128,152.6408386,Google Street View
97281_1,Trainning,2021,138.6623302,35.13770804,250.9758148,Google Street View
97281_2,Trainning,2021,138.6623302,35.13770804,250.9758148,Google Street View
97294_1,Trainning,2021,138.6607024,35.13717898,249.6136475,Google Street View
3_2,validation,2021,135.5618678,34.73656221,46.47519684,Google Street View
3_1,validation,2021,135.5618678,34.73656221,46.47519684,Google Street View
9_1,validation,2021,135.5623811,34.73707552,47.26098633,Google Street View
15_2,validation,2021,135.5629153,34.73757115,46.91106033,Google Street View
18_1,validation,2021,135.563205,34.73780287,46.54279327,Google Street View
22_1,validation,2021,135.5635912,34.73811184,46.16020966,Google Street View
23_1,validation,2021,135.5636877,34.73818908,46.99548721,Google Street View
26_2,validation,2021,135.5639774,34.7384208,46.67710114,Google Street View
35_1,validation,2021,135.5648078,34.7390503,47.30516434,Google Street View
37_1,validation,2021,135.5650069,34.73919959,46.8860817,Google Street View
41_1,validation,2021,135.5653232,34.73943446,46.95617294,Google Street View
44_1,validation,2021,135.565626,34.73965452,355.7098083,Google Street View
49_1,validation,2021,135.5661307,34.74002127,47.4563942,Google Street View
51_2,validation,2021,135.5663326,34.74016797,47.1907692,Google Street View
51_1,validation,2021,135.5663326,34.74016797,47.1907692,Google Street View
57_1,validation,2021,135.5669382,34.74060808,46.61827469,Google Street View
60_1,validation,2021,135.567241,34.74082813,46.2309761,Google Street View
63_1,validation,2021,135.5675439,34.74104818,226.0124969,Google Street View
69_1,validation,2021,135.5681495,34.74148828,227.0888214,Google Street View
71_2,validation,2021,135.5683514,34.74163498,226.8615112,Google Street View
72_2,validation,2021,135.5684523,34.74170833,226.7611847,Google Street View
74_1,validation,2021,135.5686542,34.74185503,226.7243042,Google Street View
84_1,validation,2021,135.5695809,34.74254431,226.9287262,Google Street View
122_2,validation,2021,135.5732285,34.74549714,226.93367,Google Street View
124_1,validation,2021,135.5734204,34.74565255,225.8786926,Google Street View
127_1,validation,2021,135.5737084,34.74588567,46.49700546,Google Street View
127_2,validation,2021,135.5737084,34.74588567,46.49700546,Google Street View
128_1,validation,2021,135.5738044,34.74596337,46.42236328,Google Street View
137_1,validation,2021,135.5746683,34.74666271,46.32633972,Google Street View
167_2,validation,2021,135.5768635,34.74842413,45.01957321,Google Street View
168_2,validation,2021,135.57696,34.74850136,45.05844879,Google Street View
174_2,validation,2021,135.5775393,34.74896478,47.0759697,Google Street View
176_2,validation,2021,135.5777324,34.74911925,46.14867783,Google Street View
177_1,validation,2021,135.5778289,34.74919648,46.18494034,Google Street View
210_2,validation,2021,135.5532567,34.73017334,226.6799774,Google Street View
212_2,validation,2021,135.5534278,34.73034445,226.9194336,Google Street View
213_1,validation,2021,135.5535133,34.73043,227.2849579,Google Street View
215_2,validation,2021,135.5536844,34.73060111,47.52988052,Google Street View
217_2,validation,2021,135.5538556,34.73077222,47.91016769,Google Street View
222_1,validation,2021,135.5543534,34.73112471,58.58515549,Google Street View
231_1,validation,2021,135.5554439,34.73156087,227.7516632,Google Street View
233_1,validation,2021,135.5555946,34.73166218,320.2617493,Google Street View
235_2,validation,2021,135.5557838,34.73181987,184.2691803,Google Street View
236_2,validation,2021,135.5558785,34.73189872,227.0259247,Google Street View
239_2,validation,2021,135.5561623,34.73213526,223.8920441,Google Street View
240_1,validation,2021,135.5562569,34.7322141,224.2816925,Google Street View
241_1,validation,2021,135.5563515,34.73229295,226.4501495,Google Street View
242_1,validation,2021,135.5564462,34.7323718,227.7751007,Google Street View
244_1,validation,2021,135.5566354,34.73252949,229.703186,Google Street View
245_1,validation,2021,135.55673,34.73260834,229.501358,Google Street View
246_2,validation,2021,135.5568246,34.73268718,228.472229,Google Street View
252_2,validation,2021,135.5573657,34.73312152,48.98937225,Google Street View
270_2,validation,2021,135.5591573,34.73446518,47.04737854,Google Street View
270_1,validation,2021,135.5591573,34.73446518,47.04737854,Google Street View
273_2,validation,2021,135.5594558,34.73468912,46.55513763,Google Street View
275_1,validation,2015,135.5596549,34.73483842,46.56884003,Google Street View
295_1,validation,2021,135.5463333,34.71547222,66.85203552,Google Street View
296_2,validation,2021,135.5463713,34.7155785,73.58403778,Google Street View
347_1,validation,2021,135.5481843,34.72097843,268.6429443,Google Street View
360_1,validation,2021,135.5485982,34.72226691,14.50333214,Google Street View
360_2,validation,2021,135.5485982,34.72226691,14.50333214,Google Street View
361_1,validation,2021,135.5486338,34.72237372,14.62245941,Google Street View
369_2,validation,2021,135.5489187,34.72322824,15.94311428,Google Street View
376_1,validation,2021,135.5491467,34.72391237,14.72515011,Google Street View
376_2,validation,2015,135.5491467,34.72391237,15.73734093,Google Street View
377_2,validation,2021,135.5491823,34.72401919,14.62571907,Google Street View
381_2,validation,2021,135.5493247,34.72444644,14.04302502,Google Street View
382_1,validation,2021,135.5493603,34.72455325,13.34603882,Google Street View
386_2,validation,2021,135.5495028,34.7249805,14.86145878,Google Street View
387_1,validation,2021,135.5495384,34.72508732,14.86669445,Google Street View
389_1,validation,2021,135.5496096,34.72530094,194.6980438,Google Street View
399_1,validation,2021,135.5499656,34.72636905,19.43556976,Google Street View
405_1,validation,2021,135.5501792,34.72700991,19.55488205,Google Street View
413_1,validation,2021,135.5504064,34.72787573,19.03315735,Google Street View
430_1,validation,2021,135.5519179,34.7291953,226.5202026,Google Street View
447_1,validation,2021,135.5460998,34.70391367,0.882786989,Google Street View
448_2,validation,2021,135.5461072,34.70402428,0.912220538,Google Street View
449_2,validation,2021,135.5461145,34.70413489,0.916387677,Google Street View
451_1,validation,2021,135.5461293,34.70435611,0.956943452,Google Street View
458_2,validation,2021,135.5461809,34.70513037,0.651219428,Google Street View
459_1,validation,2021,135.5461883,34.70524098,0.328212649,Google Street View
460_2,validation,2021,135.5461957,34.70535159,0.482013017,Google Street View
463_2,validation,2021,135.5462178,34.70568341,0.885811687,Google Street View
464_2,validation,2021,135.5462252,34.70579402,0.818659484,Google Street View
466_2,validation,2021,135.5462399,34.70601524,0.655065715,Google Street View
466_1,validation,2021,135.5462399,34.70601524,0.655065715,Google Street View
468_2,validation,2015,135.5462546,34.70623645,1.14631176,Google Street View
570_2,validation,2021,135.5247312,34.69723404,275.6651001,Google Street View
577_1,validation,2021,135.5256687,34.69714881,277.8634033,Google Street View
578_2,validation,2021,135.5257778,34.69713889,277.89151,Google Street View
578_1,validation,2021,135.5257778,34.69713889,277.89151,Google Street View
586_1,validation,2021,135.5268274,34.69734075,77.13894653,Google Street View
593_2,validation,2021,135.5277459,34.69751737,76.76517487,Google Street View
595_2,validation,2021,135.5280083,34.69756784,76.48590851,Google Street View
599_2,validation,2015,135.5285331,34.69766876,75.07301331,Google Street View
602_2,validation,2021,135.5289267,34.69774446,72.65856171,Google Street View
612_2,validation,2015,135.5302388,34.69799678,76.32526398,Google Street View
615_1,validation,2021,135.5306324,34.69807247,76.96199799,Google Street View
616_2,validation,2015,135.5307636,34.69809771,76.07675171,Google Street View
618_2,validation,2021,135.531026,34.69814817,76.141922,Google Street View
623_1,validation,2021,135.531682,34.69827433,79.82807159,Google Street View
659_2,validation,2021,135.5361828,34.6991197,257.4265747,Google Street View
685_1,validation,2021,135.5393752,34.69968291,257.8835144,Google Street View
691_1,validation,2021,135.5401676,34.69981497,257.9537354,Google Street View
709_2,validation,2021,135.542577,34.70001136,268.8739929,Google Street View
711_2,validation,2021,135.5428459,34.70002552,267.409729,Google Street View
712_2,validation,2021,135.5429804,34.70003259,267.4500122,Google Street View
730_1,validation,2021,135.5454009,34.70015998,267.0438232,Google Street View
730_2,validation,2021,135.5454009,34.70015998,267.0438232,Google Street View
734_1,validation,2021,135.5459388,34.70018829,272.2467651,Google Street View
766_1,validation,2021,135.5006265,34.69797222,216.0692139,Google Street View
829_2,validation,2021,135.5089894,34.69741667,274.7593384,Google Street View
882_1,validation,2021,135.5159731,34.69697772,275.850708,Google Street View
900_2,validation,2021,135.5182425,34.69697674,269.234375,Google Street View
900_1,validation,2021,135.5182425,34.69697674,269.234375,Google Street View
901_1,validation,2021,135.5183726,34.69700564,265.6275635,Google Street View
906_1,validation,2021,135.519023,34.69715018,249.7601624,Google Street View
913_1,validation,2021,135.5199336,34.69735253,251.9999695,Google Street View
921_1,validation,2021,135.5209125,34.69741667,258.5570679,Google Street View
1236_2,validation,2021,135.6035139,34.777625,222.9459991,Google Street View
1237_2,validation,2021,135.6035994,34.77771053,223.8159332,Google Street View
1436_1,validation,2021,135.5757813,34.75311181,252.0252075,Google Street View
2008_2,validation,2021,135.6271667,34.79655556,19.87541389,Google Street View
2041_2,validation,2021,135.6283373,34.79859926,207.7830048,Google Street View
2047_1,validation,2021,135.6286947,34.79919479,215.5008392,Google Street View
2792_2,validation,2015,135.7351384,34.87815505,32.57645035,Google Street View
3858_2,validation,2015,135.7451787,34.94594668,181.8709106,Google Street View
4368_1,validation,2021,135.74575,34.97462511,180.9275665,Google Street View
4390_1,validation,2021,135.74575,34.97806189,182.2715302,Google Street View
4394_1,validation,2021,135.74575,34.97762026,182.65979,Google Street View
4441_2,validation,2021,135.8604329,35.00178241,62.40652466,Google Street View
4442_2,validation,2021,135.8605601,35.00181876,63.1920433,Google Street View
4448_1,validation,2021,135.8613235,35.00203687,82.00601959,Google Street View
4449_2,validation,2021,135.8614507,35.00207322,83.64812469,Google Street View
4451_2,validation,2021,135.8617116,35.00209945,88.88371277,Google Street View
4453_1,validation,2021,135.8619794,35.0020751,90.14529419,Google Street View
4460_2,validation,2021,135.8629169,35.00198988,89.42868042,Google Street View
4461_2,validation,2021,135.8630508,35.0019777,89.47477722,Google Street View
4499_2,validation,2021,135.8681322,35.00205166,89.56207275,Google Street View
4500_2,validation,2021,135.8682665,35.00206006,89.6570816,Google Street View
4513_1,validation,2021,135.870002,35.00197987,185.8363037,Google Street View
4514_2,validation,2021,135.8701347,35.00196091,277.6725769,Google Street View
4521_2,validation,2021,135.8526944,34.99377778,258.874054,Google Street View
4567_2,validation,2021,135.8576589,34.99527316,179.5905457,Google Street View
4569_2,validation,2021,135.857588,34.99548613,170.6085358,Google Street View
4570_2,validation,2021,135.8575525,34.99559261,169.9508209,Google Street View
4571_2,validation,2021,135.857517,34.9956991,169.7608643,Google Street View
4575_2,validation,2021,135.857375,34.99612504,170.3521729,Google Street View
4577_1,validation,2021,135.857304,34.99633801,169.9235382,Google Street View
4578_1,validation,2021,135.8572685,34.9964445,169.671936,Google Street View
4599_2,validation,2021,135.8578519,34.99854956,195.597702,Google Street View
4600_1,validation,2021,135.8578915,34.99865507,15.90326309,Google Street View
4640_2,validation,2021,135.8308188,34.99122554,245.9901581,Google Street View
4646_1,validation,2021,135.8315921,34.99141886,247.0350647,Google Street View
4647_1,validation,2021,135.831721,34.99145108,247.6687622,Google Street View
4651_2,validation,2021,135.832241,34.99155556,260.6177673,Google Street View
4682_2,validation,2021,135.8359627,34.99141187,284.7562866,Google Street View
4702_1,validation,2021,135.8385285,34.99073666,118.0417023,Google Street View
4702_2,validation,2021,135.8385285,34.99073666,118.0417023,Google Street View
4703_1,validation,2021,135.8386568,34.99070289,118.6981354,Google Street View
4704_1,validation,2021,135.8387851,34.99066913,117.2986908,Google Street View
4708_2,validation,2021,135.8392982,34.99053409,109.6841354,Google Street View
4712_2,validation,2021,135.8274417,34.98555292,192.6962891,Google Street View
4712_1,validation,2021,135.8274417,34.98555292,192.6962891,Google Street View
4713_1,validation,2021,135.8274667,34.98566139,192.65625,Google Street View
4717_1,validation,2021,135.8275669,34.9860953,193.1806793,Google Street View
4722_2,validation,2021,135.827692,34.98663767,192.7338257,Google Street View
4725_2,validation,2021,135.8277671,34.9869631,12.35205555,Google Street View
4726_2,validation,2021,135.8277922,34.98707157,7.143431187,Google Street View
4728_2,validation,2021,135.8278422,34.98728852,6.345442295,Google Street View
4745_2,validation,2021,135.8396389,34.99044444,104.8469162,Google Street View
4747_2,validation,2021,135.8398967,34.99038,91.27971649,Google Street View
4776_2,validation,2021,135.843567,34.99036654,253.6048431,Google Street View
4783_2,validation,2021,135.8444595,34.99061645,253.8690186,Google Street View
4785_2,validation,2021,135.8447145,34.99068785,254.0930176,Google Street View
4861_1,validation,2021,135.8175171,34.98123451,269.9474182,Google Street View
4863_1,validation,2021,135.8177864,34.98122489,270.8978577,Google Street View
4867_2,validation,2021,135.8183249,34.98120566,270.5623169,Google Street View
4868_2,validation,2021,135.8184595,34.98120085,270.6412354,Google Street View
4871_2,validation,2021,135.8188633,34.98118643,271.0812378,Google Street View
4874_1,validation,2021,135.8192672,34.98117201,270.8619385,Google Street View
4880_1,validation,2021,135.8200749,34.98114316,270.7494202,Google Street View
4899_2,validation,2021,135.8226327,34.98105181,270.7390747,Google Street View
4908_1,validation,2021,135.8238442,34.98100854,270.9122925,Google Street View
4909_2,validation,2021,135.8239789,34.98100373,194.3791504,Google Street View
4916_2,validation,2021,135.8248566,34.98119332,264.8751831,Google Street View
4918_2,validation,2021,135.8251144,34.98125776,257.9606628,Google Street View
4918_1,validation,2021,135.8251144,34.98125776,257.9606628,Google Street View
4919_1,validation,2021,135.8251944,34.98127778,255.1273804,Google Street View
4920_1,validation,2021,135.8253095,34.98133529,248.8720093,Google Street View
24437_2,validation,2021,137.8969045,34.7417678,74.56253815,Google Street View
24440_1,validation,2021,137.8972913,34.74186449,74.95625305,Google Street View
24445_2,validation,2021,137.8979358,34.74202563,75.21060181,Google Street View
24446_1,validation,2021,137.8980648,34.74205785,74.69306183,Google Street View
24456_1,validation,2021,137.8992615,34.74233897,74.54602051,Google Street View
24459_2,validation,2021,137.8996517,34.74242569,74.73131561,Google Street View
24474_1,validation,2021,137.9016091,34.74283789,76.8707962,Google Street View
24475_1,validation,2021,137.9017409,34.74286114,76.8657608,Google Street View
39000_2,validation,2021,138.6995718,35.14928355,121.8335342,Google Street View
39003_2,validation,2021,138.6992269,35.14945598,121.8504715,Google Street View
39021_2,validation,2021,138.7030091,35.14839749,99.96149445,Google Street View
39023_2,validation,2021,138.7027497,35.14845734,100.6316605,Google Street View
39027_2,validation,2021,138.702231,35.14857704,100.9456329,Google Street View
39028_1,validation,2021,138.7021013,35.14860697,100.9690552,Google Street View
39066_2,validation,2021,138.7009759,35.15022222,190.9546814,Google Street View
39076_2,validation,2021,138.7102437,35.14731837,281.5305176,Google Street View
39080_2,validation,2021,138.7097127,35.14739422,280.5995483,Google Street View
39100_2,validation,2021,138.707058,35.14777347,281.227478,Google Street View
39109_1,validation,2021,138.7058634,35.14794413,280.375061,Google Street View
39113_1,validation,2021,138.7053324,35.14801998,281.274231,Google Street View
39115_1,validation,2021,138.7050669,35.1480579,279.9263916,Google Street View
39117_1,validation,2021,138.7048015,35.14809583,279.2776794,Google Street View
39118_1,validation,2021,138.7046687,35.14811479,280.15625,Google Street View
39189_1,validation,2021,138.7128375,35.14716667,282.92099,Google Street View
39193_1,validation,2021,138.7122985,35.14716667,281.977356,Google Street View
39225_2,validation,2021,138.713362,35.14833598,14.33107281,Google Street View
39547_2,validation,2021,138.6229722,35.11809741,11.13505936,Google Street View
39549_2,validation,2021,138.6229722,35.11787697,15.5322752,Google Street View
39847_1,validation,2021,138.6943607,35.1518891,167.4178314,Google Street View
39850_2,validation,2021,138.6940158,35.15206153,122.1738205,Google Street View
39852_2,validation,2021,138.6937859,35.15217649,120.9124298,Google Street View
39853_1,validation,2021,138.693671,35.15223397,120.2565689,Google Street View
39863_1,validation,2021,138.6925214,35.15280874,345.8453979,Google Street View
39864_2,validation,2021,138.6924064,35.15286622,341.6937256,Google Street View
39884_1,validation,2021,138.6840357,35.15575221,200.1478119,Google Street View
39904_1,validation,2021,138.6813522,35.15595302,170.3214264,Google Street View
39917_2,validation,2021,138.691625,35.15310625,10.89487648,Google Street View
39919_2,validation,2021,138.6913889,35.15321249,121.5383301,Google Street View
39943_2,validation,2021,138.6885558,35.15448742,121.8859711,Google Street View
40143_1,validation,2021,138.6634572,35.1380743,0.601096272,Google Street View
40146_2,validation,2021,138.6630816,35.13795221,249.9750977,Google Street View
40151_2,validation,2021,138.6624555,35.13774873,251.1038208,Google Street View
40153_2,validation,2021,138.662205,35.13766734,250.7047424,Google Street View
40159_2,validation,2021,138.6614537,35.13742316,251.4264221,Google Street View
40162_1,validation,2021,138.661078,35.13730107,250.3491211,Google Street View
40187_1,validation,2021,138.6579475,35.13628366,248.9609375,Google Street View
40212_2,validation,2021,138.654817,35.13526623,249.2390594,Google Street View
40213_1,validation,2021,138.6546918,35.13522553,249.2920227,Google Street View
40215_1,validation,2021,138.6544413,35.13514413,248.707489,Google Street View
40241_2,validation,2021,138.6698097,35.13997449,250.7651825,Google Street View
40243_2,validation,2021,138.6695563,35.13989941,250.7970886,Google Street View
40255_1,validation,2021,138.6680361,35.13944897,70.86005402,Google Street View
40257_2,validation,2021,138.6677827,35.1393739,71.24967194,Google Street View
40261_2,validation,2021,138.6672759,35.13922375,70.89842987,Google Street View
40262_1,validation,2021,138.6671493,35.13918621,70.84431458,Google Street View
40273_2,validation,2021,138.6657557,35.1387733,70.58942413,Google Street View
40274_1,validation,2021,138.665629,35.13873576,70.87624359,Google Street View
40299_1,validation,2021,138.6736811,35.14114546,251.0368195,Google Street View
40304_1,validation,2021,138.6730505,35.14095143,248.5933228,Google Street View
40309_1,validation,2021,138.6724199,35.14075741,251.3688354,Google Street View
40311_2,validation,2021,138.6721677,35.1406798,225.1449127,Google Street View
40373_2,validation,2021,138.677626,35.15605556,91.50666046,Google Street View
40962_2,validation,2021,138.8711874,35.12077778,276.1348267,Google Street View
40967_2,validation,2021,138.8705136,35.12077778,275.2021484,Google Street View
40968_2,validation,2021,138.8703789,35.12077778,274.9039917,Google Street View
40977_2,validation,2021,138.8691662,35.12077778,275.1083374,Google Street View
41081_2,validation,2021,138.8215833,35.12077778,16.50339699,Google Street View
55337_1,validation,2015,139.6906383,35.5428425,19.26007271,Google Street View
55340_2,validation,2015,139.6907828,35.54314967,20.19327164,Google Street View
55342_1,validation,2015,139.6908792,35.54335445,20.17187691,Google Street View
55343_2,validation,2015,139.6909274,35.54345684,20.11049461,Google Street View
55346_2,validation,2015,139.691072,35.54376402,19.69976044,Google Street View
55347_2,validation,2015,139.6911201,35.54386641,19.54190254,Google Street View
55354_2,validation,2015,139.6913633,35.5445066,18.11747932,Google Street View
55356_1,validation,2015,139.6914339,35.54471823,20.4088726,Google Street View
55359_1,validation,2015,139.6915397,35.54503567,19.25587463,Google Street View
55360_2,validation,2015,139.6915749,35.54514149,18.96888542,Google Street View
55362_2,validation,2015,139.6916455,35.54535312,18.41965866,Google Street View
55368_1,validation,2015,139.6918571,35.54598801,19.56363106,Google Street View
55369_1,validation,2015,139.6918924,35.54609382,19.28620338,Google Street View
55381_2,validation,2015,139.692411,35.54729421,19.79183197,Google Street View
55382_1,validation,2015,139.6924618,35.54739576,19.59066582,Google Street View
55383_1,validation,2015,139.6925125,35.54749731,19.31791115,Google Street View
55388_1,validation,2015,139.6927664,35.54800508,20.14846802,Google Street View
55395_1,validation,2015,139.6931219,35.54871594,19.18422508,Google Street View
55397_1,validation,2015,139.6932145,35.54890805,19.07422256,Google Street View
55401_1,validation,2015,139.6934058,35.54931803,19.50486374,Google Street View
55403_2,validation,2015,139.6935015,35.54952302,18.97760963,Google Street View
55405_1,validation,2015,139.6935971,35.549728,18.954916,Google Street View
55408_1,validation,2015,139.6937406,35.55003548,19.34674072,Google Street View
55409_1,validation,2015,139.6937885,35.55013797,19.50926971,Google Street View
55411_1,validation,2015,139.6938841,35.55034296,19.14937782,Google Street View
55419_1,validation,2015,139.6942667,35.55116289,19.03244591,Google Street View
55425_1,validation,2015,139.6945537,35.55177784,17.12740135,Google Street View
55503_1,validation,2015,139.6969884,35.55989483,359.8029175,Google Street View
55515_2,validation,2015,139.6967876,35.56120005,355.9750061,Google Street View
55521_2,validation,2015,139.6966872,35.56185265,355.0634155,Google Street View
55522_2,validation,2015,139.6966705,35.56196142,355.0878296,Google Street View
55523_2,validation,2015,139.6966537,35.56207019,355.1520691,Google Street View
55528_1,validation,2015,139.6965701,35.56261402,355.4849548,Google Street View
55533_1,validation,2015,139.6964864,35.56315785,354.1516724,Google Street View
55542_1,validation,2015,139.6964722,35.5641269,174.815506,Google Street View
55543_2,validation,2015,139.6964722,35.56423651,174.3187866,Google Street View
55545_2,validation,2015,139.6964722,35.56445574,174.9272919,Google Street View
55558_2,validation,2015,139.6964256,35.56577107,174.3019409,Google Street View
55561_1,validation,2015,139.6963789,35.5660977,174.6957397,Google Street View
55563_1,validation,2015,139.6963478,35.56631546,354.4973755,Google Street View
55565_2,validation,2015,139.6963167,35.56653321,354.5823975,Google Street View
55565_1,validation,2015,139.6963167,35.56653321,354.5823975,Google Street View
55566_2,validation,2015,139.6963011,35.56664209,354.5325623,Google Street View
55568_2,validation,2015,139.69627,35.56685984,354.6676941,Google Street View
55574_1,validation,2015,139.6961767,35.56751309,354.3253479,Google Street View
55576_1,validation,2015,139.6961456,35.56773084,354.5372009,Google Street View
55578_2,validation,2015,139.6961145,35.56794859,354.5842896,Google Street View
55579_1,validation,2015,139.6960989,35.56805746,353.9847717,Google Street View
55598_1,validation,2015,139.6961734,35.57010357,11.15751743,Google Street View
55601_1,validation,2015,139.6962792,35.57042093,16.50607491,Google Street View
55605_1,validation,2015,139.6964202,35.57084406,21.16639328,Google Street View
55609_1,validation,2015,139.6722478,35.52145932,211.5235138,Google Street View
55705_1,validation,2015,139.6829067,35.52645782,45.28089142,Google Street View
55718_1,validation,2015,139.6838649,35.52761787,26.46486282,Google Street View
55722_1,validation,2015,139.6840869,35.52801756,21.15169334,Google Street View
55730_1,validation,2015,139.684531,35.52881694,19.80409622,Google Street View
55731_1,validation,2015,139.6845865,35.52891686,20.04096985,Google Street View
55738_2,validation,2015,139.6965737,35.57120305,22.47459984,Google Street View
55751_2,validation,2015,139.6973056,35.57238889,218.1013641,Google Street View
55755_1,validation,2015,139.697501,35.57279747,22.87207985,Google Street View
55761_2,validation,2015,139.6977941,35.57341033,20.94289589,Google Street View
55766_1,validation,2015,139.6980383,35.57392105,27.62598991,Google Street View
55779_1,validation,2015,139.6986734,35.5752489,21.39608765,Google Street View
55780_1,validation,2015,139.6987222,35.57535104,22.72980499,Google Street View
55792_1,validation,2015,139.6993084,35.57657673,23.00773048,Google Street View
55796_1,validation,2015,139.6995038,35.57698528,22.24100494,Google Street View
55797_1,validation,2015,139.6995527,35.57708742,22.94707108,Google Street View
55799_1,validation,2015,139.6996504,35.5772917,22.92102242,Google Street View
55802_2,validation,2015,139.6997969,35.57759812,24.23496056,Google Street View
55810_2,validation,2015,139.7001877,35.57841522,20.47157288,Google Street View
55811_2,validation,2015,139.7002366,35.57851736,21.11510658,Google Street View
55812_1,validation,2015,139.7002854,35.57861949,22.11367226,Google Street View
55813_1,validation,2015,139.7003343,35.57872163,22.61353111,Google Street View
55819_1,validation,2015,139.7006149,35.57928537,23.00677872,Google Street View
55823_1,validation,2015,139.7448056,35.65271736,3.970499277,Google Street View
55829_1,validation,2015,139.7448056,35.65337431,359.3892517,Google Street View
55831_1,validation,2015,139.7448056,35.65359329,359.6920776,Google Street View
55832_1,validation,2015,139.7448056,35.65370278,3.362349749,Google Street View
55833_1,validation,2015,139.7448056,35.65381226,2.629053593,Google Street View
55844_2,validation,2015,139.7448056,35.65499026,97.61388397,Google Street View
55873_1,validation,2015,139.7435584,35.65793886,337.3222351,Google Street View
55877_2,validation,2015,139.7433555,35.65834459,337.5102234,Google Street View
55882_2,validation,2015,139.7431019,35.65885175,337.5708618,Google Street View
55883_1,validation,2015,139.7430512,35.65895318,338.2061768,Google Street View
55886_2,validation,2015,139.742899,35.65925748,344.0639954,Google Street View
55890_1,validation,2015,139.7429259,35.65965752,238.6979828,Google Street View
55894_1,validation,2015,139.7430124,35.66008978,191.421402,Google Street View
55897_2,validation,2015,139.7430772,35.66041397,197.3335571,Google Street View
55897_1,validation,2015,139.7430772,35.66041397,197.3335571,Google Street View
55900_2,validation,2015,139.7431497,35.66073576,23.9928093,Google Street View
55901_2,validation,2015,139.7432232,35.66082755,26.01026726,Google Street View
55904_2,validation,2015,139.7434435,35.66110293,32.49602127,Google Street View
55905_2,validation,2015,139.7435169,35.66119472,34.11086655,Google Street View
55906_1,validation,2015,139.7435903,35.66128651,34.79070663,Google Street View
55910_2,validation,2015,139.7438841,35.66165369,32.41783905,Google Street View
55914_1,validation,2015,139.7441778,35.66202086,37.44769669,Google Street View
55933_2,validation,2015,139.7059934,35.58686868,212.0016022,Google Street View
55949_2,validation,2015,139.7069634,35.58832153,32.31483459,Google Street View
55952_1,validation,2015,139.7071739,35.58860219,32.27732849,Google Street View
55956_2,validation,2015,139.7074525,35.58896148,31.0934124,Google Street View
55958_1,validation,2015,139.7075995,35.58914519,31.46713257,Google Street View
55968_2,validation,2015,139.7083343,35.5900637,31.80485535,Google Street View
55969_1,validation,2015,139.7084078,35.59015555,31.81062889,Google Street View
55969_2,validation,2015,139.7084078,35.59015555,31.81062889,Google Street View
55970_1,validation,2015,139.7084812,35.5902474,31.89363861,Google Street View
55971_1,validation,2015,139.7085547,35.59033925,31.94691467,Google Street View
55972_1,validation,2015,139.7086282,35.5904311,32.04727936,Google Street View
55994_2,validation,2015,139.7102448,35.59245178,212.0308685,Google Street View
56006_1,validation,2015,139.7110242,35.59352241,212.4034882,Google Street View
56017_1,validation,2015,139.7113455,35.5946843,11.24167919,Google Street View
56019_1,validation,2015,139.7113817,35.59490145,73.77366638,Google Street View
56021_2,validation,2015,139.7114179,35.59511861,316.9904175,Google Street View
56022_1,validation,2015,139.711436,35.59522718,89.97328949,Google Street View
56024_1,validation,2015,139.7114722,35.59544434,9.840073586,Google Street View
56036_1,validation,2015,139.7117358,35.59663049,10.15790462,Google Street View
56159_2,validation,2015,139.7011707,35.58021974,22.86461067,Google Street View
56176_2,validation,2015,139.7021753,35.58189404,209.8166809,Google Street View
56189_1,validation,2015,139.7030989,35.5831028,212.2474976,Google Street View
56193_1,validation,2015,139.7033928,35.58347022,211.8873749,Google Street View
56194_1,validation,2015,139.7034663,35.58356208,212.0659027,Google Street View
56225_2,validation,2015,139.7142792,35.60860695,11.44626236,Google Street View
56228_2,validation,2015,139.7143667,35.60892781,10.31463909,Google Street View
56229_2,validation,2015,139.7143958,35.60903477,10.36572266,Google Street View
56231_1,validation,2015,139.7144542,35.60924867,10.12705135,Google Street View
56237_1,validation,2015,139.7146292,35.60989039,16.153265,Google Street View
56239_2,validation,2015,139.7146875,35.61010429,16.92738914,Google Street View
56241_1,validation,2015,139.7147459,35.6103182,17.05485153,Google Street View
56249_1,validation,2015,139.7149792,35.6111738,17.25609779,Google Street View
56252_2,validation,2015,139.7150667,35.61149466,268.3499756,Google Street View
56259_1,validation,2015,139.7153493,35.61217625,17.39010811,Google Street View
56262_1,validation,2015,139.7154823,35.61248659,17.27745438,Google Street View
56263_2,validation,2015,139.7155267,35.61259004,17.60597801,Google Street View
56271_1,validation,2015,139.7158813,35.61341761,16.78300667,Google Street View
56273_2,validation,2015,139.71597,35.6136245,16.83763695,Google Street View
56299_1,validation,2015,139.7172041,35.61623921,201.4424438,Google Street View
56300_1,validation,2015,139.7172609,35.61633855,201.5216675,Google Street View
56307_1,validation,2015,139.7176583,35.61703396,195.5211029,Google Street View
56309_2,validation,2015,139.7177718,35.61723265,206.5233002,Google Street View
56312_1,validation,2015,139.7178611,35.61749843,205.1003571,Google Street View
56323_2,validation,2015,139.7181888,35.61854526,20.04697609,Google Street View
56323_1,validation,2015,139.7181888,35.61854526,20.04697609,Google Street View
56325_1,validation,2015,139.7182981,35.61874553,194.3887177,Google Street View
56326_1,validation,2015,139.7183527,35.61884566,190.0437469,Google Street View
56344_1,validation,2015,139.7193358,35.62064807,233.463562,Google Street View
56347_1,validation,2015,139.7194997,35.62094847,218.1744995,Google Street View
56354_1,validation,2015,139.7198322,35.62160884,23.6770668,Google Street View
56355_1,validation,2015,139.7198829,35.62171031,22.37526894,Google Street View
56359_2,validation,2015,139.7200859,35.6221162,22.63614464,Google Street View
56362_1,validation,2015,139.7202381,35.62242061,21.19936562,Google Street View
56364_1,validation,2015,139.7203396,35.62262356,21.68040466,Google Street View
56367_2,validation,2015,139.7204918,35.62292797,18.4352951,Google Street View
56368_1,validation,2015,139.7205425,35.62302944,17.53364563,Google Street View
56370_1,validation,2015,139.720644,35.62323238,20.83317757,Google Street View
56372_1,validation,2015,139.7207454,35.62343532,20.99989319,Google Street View
56379_1,validation,2015,139.7210417,35.62409027,67.94710541,Google Street View
56380_2,validation,2015,139.7210833,35.62419443,32.28257751,Google Street View
56381_1,validation,2015,139.721125,35.62429859,25.79548454,Google Street View
56383_2,validation,2015,139.7212083,35.62450692,19.40658569,Google Street View
56383_1,validation,2015,139.7212083,35.62450692,19.40658569,Google Street View
56384_2,validation,2015,139.72125,35.62461108,19.02035332,Google Street View
56384_1,validation,2015,139.72125,35.62461108,19.02035332,Google Street View
56385_1,validation,2015,139.7212916,35.62471524,21.59427834,Google Street View
56394_2,validation,2015,139.7218771,35.62545587,214.2938385,Google Street View
56398_2,validation,2015,139.722282,35.62574507,231.077774,Google Street View
56399_2,validation,2015,139.7223832,35.62581737,231.1673584,Google Street View
56400_1,validation,2015,139.7224844,35.62588967,231.4529877,Google Street View
56425_2,validation,2015,139.7248865,35.6276769,44.59647751,Google Street View
56433_1,validation,2015,139.725614,35.62832352,43.37953186,Google Street View
56437_2,validation,2015,139.7259777,35.62864683,40.67147446,Google Street View
56439_1,validation,2015,139.7261595,35.62880848,39.65631866,Google Street View
56450_2,validation,2015,139.7271744,35.6296034,64.13413239,Google Street View
56451_2,validation,2015,139.7272805,35.62967092,56.70398712,Google Street View
56452_1,validation,2015,139.7273866,35.62973843,55.90003204,Google Street View
56453_1,validation,2015,139.7274927,35.62980595,56.02680206,Google Street View
56455_1,validation,2015,139.7277049,35.62994098,56.35246658,Google Street View
56458_1,validation,2015,139.7280232,35.63014353,56.65487671,Google Street View
56461_1,validation,2015,139.7283415,35.63034608,54.68226242,Google Street View
56464_1,validation,2015,139.7286598,35.63054863,46.47835159,Google Street View
56465_2,validation,2015,139.7287658,35.63061615,46.02079773,Google Street View
56481_2,validation,2015,139.7303155,35.63178771,47.53874588,Google Street View
56488_2,validation,2015,139.7306923,35.63245829,9.783849716,Google Street View
56488_1,validation,2015,139.7306923,35.63245829,9.783849716,Google Street View
56489_1,validation,2015,139.730709,35.63256697,8.871641159,Google Street View
56492_1,validation,2015,139.7307592,35.63289298,7.466515064,Google Street View
56499_2,validation,2015,139.7308762,35.63365368,6.926326275,Google Street View
56507_1,validation,2015,139.73101,35.63452304,6.30727911,Google Street View
56508_1,validation,2015,139.7310267,35.63463171,6.039807796,Google Street View
56515_2,validation,2015,139.7311437,35.63539239,7.832880974,Google Street View
56520_2,validation,2015,139.7312066,35.63583129,7.307901382,Google Street View
56521_1,validation,2015,139.7312187,35.63594036,39.49389648,Google Street View
56522_1,validation,2015,139.7312308,35.63604943,7.953398705,Google Street View
56525_1,validation,2015,139.7312672,35.63637664,8.866264343,Google Street View
56527_1,validation,2015,139.7312914,35.63659478,8.577608109,Google Street View
56537_1,validation,2015,139.7314126,35.63768546,8.799523354,Google Street View
56539_1,validation,2015,139.7314368,35.6379036,8.862071037,Google Street View
56541_1,validation,2015,139.7314611,35.63812173,8.823693275,Google Street View
56556_1,validation,2015,139.7321864,35.63965055,27.22562981,Google Street View
56566_2,validation,2015,139.7326942,35.64064405,24.20922661,Google Street View
56568_2,validation,2015,139.7328051,35.64084367,23.87489891,Google Street View
56570_1,validation,2015,139.732916,35.64104328,24.01513481,Google Street View
56571_1,validation,2015,139.7329715,35.64114308,24.02546883,Google Street View
56579_1,validation,2015,139.733415,35.64194153,22.98695374,Google Street View
56581_1,validation,2015,139.7335259,35.64214114,24.99942398,Google Street View
56582_1,validation,2015,139.7335814,35.64224094,25.15786362,Google Street View
56592_1,validation,2015,139.7342169,35.6430362,323.9580383,Google Street View
56596_1,validation,2015,139.7347063,35.64321973,66.35640717,Google Street View
56604_1,validation,2015,139.7356851,35.64358678,240.1670532,Google Street View
56628_1,validation,2015,139.7383202,35.64493728,238.1993103,Google Street View
56633_1,validation,2015,139.7388796,35.64524241,237.3243713,Google Street View
56634_2,validation,2015,139.7389915,35.64530343,237.2932892,Google Street View
56635_2,validation,2021,139.7391034,35.64536446,56.89461899,Google Street View
56638_1,validation,2015,139.7393531,35.64560937,232.5679169,Google Street View
56639_2,validation,2021,139.7394141,35.645707,41.29496384,Google Street View
56642_2,validation,2021,139.7395972,35.64599989,209.0187836,Google Street View
56642_1,validation,2015,139.7395972,35.64599989,206.7887268,Google Street View
56647_2,validation,2015,139.7399022,35.64648804,209.6914368,Google Street View
56647_1,validation,2021,139.7399022,35.64648804,214.8390045,Google Street View
56658_1,validation,2015,139.7405734,35.64756196,209.1592102,Google Street View
56659_2,validation,2015,139.7406345,35.64765958,210.1745605,Google Street View
56660_2,validation,2021,139.7407633,35.64767624,30.64634895,Google Street View
56664_1,validation,2015,139.7412999,35.64771751,268.9223022,Google Street View
56669_1,validation,2021,139.7419706,35.64776911,84.66929626,Google Street View
56673_1,validation,2021,139.7425072,35.64781038,89.10397339,Google Street View
56676_1,validation,2015,139.7429097,35.64784134,90.88713074,Google Street View
56683_1,validation,2021,139.7438487,35.64791357,89.35565186,Google Street View
56690_2,validation,2015,139.7442985,35.64838065,139.7442985,Google Street View
56695_1,validation,2015,139.7443591,35.64892592,139.7443591,Google Street View
56699_2,validation,2015,139.7444075,35.64936213,139.7444075,Google Street View
56701_2,validation,2015,139.7444318,35.64958023,139.7444318,Google Street View
56718_2,validation,2015,139.7446688,35.65143148,139.7446688,Google Street View
56720_1,validation,2015,139.7446999,35.65164901,139.7446999,Google Street View
56737_1,validation,2015,139.745933,35.6640719,139.745933,Google Street View
56738_1,validation,2015,139.746018,35.66415687,139.746018,Google Street View
56739_2,validation,2015,139.7461029,35.66424183,139.7461029,Google Street View
56739_1,validation,2015,139.7461029,35.66424183,139.7461029,Google Street View
56744_1,validation,2015,139.7465278,35.66466667,139.7465278,Google Street View
56748_1,validation,2015,139.7489215,35.66978747,139.7489215,Google Street View
56749_1,validation,2015,139.7488708,35.66968605,139.7488708,Google Street View
56750_2,validation,2015,139.7488201,35.66958463,139.7488201,Google Street View
56754_2,validation,2015,139.7486172,35.66917895,139.7486172,Google Street View
56756_1,validation,2015,139.7485158,35.66897611,139.7485158,Google Street View
56761_2,validation,2015,139.7482623,35.668469,139.7482623,Google Street View
56767_2,validation,2015,139.7479848,35.66785238,139.7479848,Google Street View
56772_1,validation,2015,139.7477688,35.66733393,139.7477688,Google Street View
56773_2,validation,2015,139.7477256,35.66723024,139.7477256,Google Street View
56774_1,validation,2015,139.7476824,35.66712654,139.7476824,Google Street View
56777_1,validation,2015,139.7475527,35.66681547,139.7475527,Google Street View
56779_2,validation,2015,139.7474663,35.66660809,139.7474663,Google Street View
56780_2,validation,2015,139.7474231,35.66650439,139.7474231,Google Street View
56784_1,validation,2015,139.7472503,35.66608962,139.7472503,Google Street View
56786_2,validation,2015,139.7471639,35.66588224,139.7471639,Google Street View
56798_1,validation,2015,139.7490736,35.67009173,139.7490736,Google Street View
56801_1,validation,2015,139.7492258,35.67039599,139.7492258,Google Street View
56803_1,validation,2015,139.74925,35.67055391,139.74925,Google Street View
56811_2,validation,2015,139.7494021,35.67130426,139.7494021,Google Street View
56812_2,validation,2015,139.7494528,35.67140567,139.7494528,Google Street View
56817_1,validation,2015,139.7497481,35.67183091,139.7497481,Google Street View
56851_1,validation,2015,139.751675,35.67501677,139.751675,Google Street View
56900_2,validation,2015,139.759406,35.67521351,139.759406,Google Street View
56962_2,validation,2015,139.7620278,35.68211111,139.7620278,Google Street View
56969_1,validation,2015,139.7617991,35.68136782,139.7617991,Google Street View
56974_1,validation,2015,139.7616357,35.68083689,139.7616357,Google Street View
56983_1,validation,2015,139.7613417,35.67988121,139.7613417,Google Street View
56992_1,validation,2015,139.7610476,35.67892552,139.7610476,Google Street View
57046_2,validation,2021,139.7727274,35.68277572,294.5235291,Google Street View
57047_1,validation,2015,139.7726065,35.68282408,296.5670776,Google Street View
57048_1,validation,2015,139.7724856,35.68287243,295.9272766,Google Street View
57049_2,validation,2015,139.7723647,35.68292078,24.85788345,Google Street View
57052_2,validation,2015,139.7720021,35.68306584,295.8623352,Google Street View
57053_2,validation,2015,139.7718812,35.6831142,296.4187927,Google Street View
57057_1,validation,2015,139.7713976,35.68330761,295.954071,Google Street View
57058_2,validation,2015,139.7712768,35.68335597,297.2163696,Google Street View
57063_2,validation,2015,139.7744264,35.68385275,191.8057098,Google Street View
57064_1,validation,2015,139.7743757,35.68375135,179.4123688,Google Street View
57071_1,validation,2015,139.7740208,35.68304151,215.4849701,Google Street View
57090_2,validation,2015,139.7674748,35.68415215,18.22532654,Google Street View
57100_2,validation,2015,139.7661869,35.68447411,283.9155273,Google Street View
57101_2,validation,2015,139.7660581,35.6845063,284.0112915,Google Street View
57110_1,validation,2015,139.7702592,35.68361954,285.7095337,Google Street View
57121_1,validation,2015,139.7688128,35.68388253,285.072876,Google Street View
57716_1,validation,2021,135.5269586,34.69736598,76.9845047,Google Street View
57735_1,validation,2021,135.5294515,34.69784539,77.51197815,Google Street View
59755_2,validation,2015,135.7440833,34.90505918,1.702363491,Google Street View
61732_2,validation,2021,135.8580102,34.99897161,197.6994324,Google Street View
63609_2,validation,2021,135.8830901,34.99542124,150.3364105,Google Street View
63624_1,validation,2015,135.8841246,34.99399878,149.499527,Google Street View
65073_1,validation,2021,135.9921755,35.02553952,241.2732239,Google Street View
65074_1,validation,2021,135.9920561,35.02548835,241.2506409,Google Street View
73732_1,validation,2015,136.6775152,35.04571936,37.44326019,Google Street View
76161_1,validation,2015,136.925883,35.09985218,334.7756042,Google Street View
76331_2,validation,2015,136.9230352,35.10679637,351.9775085,Google Street View
76332_2,validation,2021,136.9230569,35.10668759,355.7510681,Google Street View
82377_2,validation,2015,137.328635,34.83379006,332.2902222,Google Street View
82378_1,validation,2021,137.3286979,34.83369224,332.9005737,Google Street View
82398_2,validation,2015,137.33225,34.83009723,120.8235092,Google Street View
82470_2,validation,2021,137.3400496,34.82595664,315.7510071,Google Street View
86675_2,validation,2015,137.1544589,34.95867351,276.3760071,Google Street View
86675_1,validation,2015,137.1544589,34.95867351,276.3760071,Google Street View
86676_2,validation,2015,137.154591,34.95865151,276.7324829,Google Street View
100598_1,validation,2015,139.0935357,35.23290319,288.1225281,Google Street View
100600_1,validation,2021,139.0932937,35.23280637,231.0206757,Google Street View
104122_1,validation,2021,139.2116951,35.27986119,260.4463501,Google Street View
105145_1,validation,2021,139.1896913,35.26424682,239.7496948,Google Street View
1_2,test,2021,135.5616967,34.73639111,226.9570313,Google Street View
4_2,test,2021,135.5619533,34.73664777,46.86281967,Google Street View
14_2,test,2021,135.5628188,34.73749391,47.00588989,Google Street View
17_1,test,2021,135.5631084,34.73772563,46.76663208,Google Street View
21_2,test,2021,135.5634946,34.7380346,45.19069672,Google Street View
31_1,test,2021,135.5644097,34.73875172,46.62817001,Google Street View
32_2,test,2021,135.5645092,34.73882636,46.85367584,Google Street View
45_2,test,2021,135.5657269,34.73972787,47.00455856,Google Street View
50_1,test,2021,135.5662316,34.74009462,47.41108322,Google Street View
50_2,test,2021,135.5662316,34.74009462,47.41108322,Google Street View
79_1,test,2021,135.5691589,34.74222178,227.8331451,Google Street View
85_1,test,2021,135.5696769,34.74262201,226.6855316,Google Street View
131_2,test,2021,135.5740924,34.74619648,227.052475,Google Street View
167_1,test,2021,135.5768635,34.74842413,45.01957321,Google Street View
169_2,test,2021,135.5770566,34.7485786,45.69857407,Google Street View
215_1,test,2021,135.5536844,34.73060111,47.52988052,Google Street View
218_1,test,2021,135.5539411,34.73085778,49.50948334,Google Street View
219_2,test,2021,135.5540267,34.73094333,52.9567337,Google Street View
250_1,test,2021,135.5571667,34.73297222,49.13738632,Google Street View
269_1,test,2021,135.5590577,34.73439053,47.38280106,Google Street View
272_1,test,2021,135.5593563,34.73461447,46.68285751,Google Street View
274_1,test,2021,135.5595554,34.73476377,227.2641754,Google Street View
274_2,test,2015,135.5595554,34.73476377,226.0519867,Google Street View
278_1,test,2021,135.5599535,34.73506236,46.68285751,Google Street View
356_2,test,2015,135.5484558,34.72183964,226.4976196,Google Street View
359_1,test,2021,135.5485626,34.72216009,3.058419704,Google Street View
361_2,test,2021,135.5486338,34.72237372,14.62245941,Google Street View
368_1,test,2021,135.5488831,34.72312143,38.81405258,Google Street View
371_2,test,2021,135.5489899,34.72344187,14.69556236,Google Street View
372_2,test,2021,135.5490255,34.72354868,13.10677719,Google Street View
380_2,test,2021,135.5492891,34.72433963,16.83958054,Google Street View
387_2,test,2021,135.5495384,34.72508732,14.86669445,Google Street View
396_2,test,2021,135.5498588,34.72604862,19.60913086,Google Street View
398_1,test,2021,135.54993,34.72626224,19.36859131,Google Street View
403_2,test,2021,135.550108,34.72679629,19.71160126,Google Street View
407_1,test,2021,135.5502437,34.72722485,19.52697563,Google Street View
408_1,test,2021,135.5502708,34.72733333,19.47868538,Google Street View
455_1,test,2021,135.5461588,34.70479854,1.061457872,Google Street View
456_2,test,2021,135.5461662,34.70490915,1.207475781,Google Street View
576_1,test,2021,135.5255348,34.69716098,277.5412598,Google Street View
584_1,test,2021,135.526565,34.69729028,257.4801025,Google Street View
591_1,test,2021,135.5274835,34.69746691,76.95841217,Google Street View
591_2,test,2021,135.5274835,34.69746691,76.95841217,Google Street View
619_1,test,2021,135.5311572,34.6981734,76.75930023,Google Street View
651_2,test,2021,135.5352367,34.69893444,257.605011,Google Street View
655_1,test,2021,135.5357629,34.69903013,260.222229,Google Street View
659_1,test,2021,135.5361828,34.6991197,257.4265747,Google Street View
661_1,test,2021,135.5364374,34.69919243,10.95018101,Google Street View
661_2,test,2021,135.5364374,34.69919243,10.95018101,Google Street View
681_2,test,2021,135.5389432,34.69963889,257.6752014,Google Street View
682_1,test,2021,135.539078,34.69963889,257.4187622,Google Street View
701_1,test,2021,135.5415012,34.69995474,267.4821777,Google Street View
704_2,test,2021,135.5419046,34.69997597,264.5617371,Google Street View
705_2,test,2021,135.5420391,34.69998305,267.8429871,Google Street View
714_2,test,2021,135.5432493,34.70004675,267.5939636,Google Street View
715_2,test,2021,135.5433838,34.70005382,267.5532837,Google Street View
721_2,test,2021,135.5441906,34.70009629,267.2483215,Google Street View
733_1,test,2021,135.5458043,34.70018122,271.9529419,Google Street View
836_1,test,2021,135.5099196,34.69741667,274.9373169,Google Street View
890_1,test,2021,135.5170475,34.69690609,180.4732208,Google Street View
897_1,test,2021,135.5178523,34.69689002,3.258029938,Google Street View
903_2,test,2021,135.5186328,34.69706346,252.9520416,Google Street View
906_2,test,2021,135.519023,34.69715018,249.7601624,Google Street View
907_1,test,2021,135.5191531,34.69717909,250.3892517,Google Street View
911_1,test,2021,135.5196734,34.69729471,251.1861877,Google Street View
914_1,test,2021,135.5200637,34.69738143,245.585022,Google Street View
919_1,test,2021,135.5207317,34.69741667,254.5799561,Google Street View
1238_2,test,2021,135.6036849,34.77779606,224.3659363,Google Street View
1240_1,test,2021,135.603856,34.77796711,46.62166595,Google Street View
4381_2,test,2021,135.74575,34.97905556,267.1511841,Google Street View
4443_2,test,2021,135.8606873,35.00185511,68.70716858,Google Street View
4449_1,test,2021,135.8614507,35.00207322,83.64812469,Google Street View
4451_1,test,2021,135.8617116,35.00209945,88.88371277,Google Street View
4499_1,test,2021,135.8681322,35.00205166,89.56207275,Google Street View
4505_2,test,2021,135.8689383,35.00210205,91.80125427,Google Street View
4571_1,test,2021,135.857517,34.9956991,169.7608643,Google Street View
4574_1,test,2021,135.8574105,34.99601856,170.4370728,Google Street View
4576_2,test,2021,135.8573395,34.99623153,170.1719208,Google Street View
4577_2,test,2021,135.857304,34.99633801,169.9235382,Google Street View
4579_2,test,2021,135.857233,34.99655098,169.3289642,Google Street View
4602_2,test,2021,135.8579706,34.9988661,196.5870972,Google Street View
4603_2,test,2021,135.8580102,34.99897161,198.4761353,Google Street View
4606_2,test,2021,135.8581289,34.99928815,201.6341705,Google Street View
4647_2,test,2021,135.831721,34.99145108,247.6687622,Google Street View
4650_2,test,2021,135.8321076,34.99154774,251.0475769,Google Street View
4673_2,test,2021,135.834808,34.99171572,278.366394,Google Street View
4677_2,test,2021,135.8353212,34.99158067,281.068573,Google Street View
4678_2,test,2021,135.8354495,34.99154691,281.6273804,Google Street View
4680_2,test,2021,135.8357061,34.99147939,283.624939,Google Street View
4697_2,test,2021,135.837887,34.99090546,96.98587799,Google Street View
4698_1,test,2021,135.8380153,34.9908717,97.89585876,Google Street View
4707_2,test,2021,135.8391699,34.99056785,108.927742,Google Street View
4710_2,test,2021,135.8395548,34.99046657,106.8591003,Google Street View
4714_1,test,2021,135.8274918,34.98576987,192.7378387,Google Street View
4721_2,test,2021,135.827667,34.9865292,192.5032806,Google Street View
4726_1,test,2021,135.8277922,34.98707157,7.143431187,Google Street View
4767_2,test,2021,135.8424194,34.99004522,254.1057129,Google Street View
4771_2,test,2021,135.8429294,34.99018803,253.1150818,Google Street View
4787_2,test,2021,135.8449695,34.99075925,254.0167542,Google Street View
4862_2,test,2021,135.8176518,34.9812297,270.5473022,Google Street View
4866_1,test,2021,135.8181902,34.98121047,270.0513916,Google Street View
4869_1,test,2021,135.8185941,34.98119605,270.7047424,Google Street View
4872_1,test,2021,135.8189979,34.98118162,271.0411987,Google Street View
4922_1,test,2021,135.8255395,34.98145031,241.9987946,Google Street View
4923_1,test,2021,135.8256545,34.98150782,240.2312012,Google Street View
24444_1,test,2021,137.8978069,34.7419934,75.37833405,Google Street View
24457_1,test,2021,137.8993916,34.74236787,74.60080719,Google Street View
24461_1,test,2021,137.8999119,34.7424835,74.90684509,Google Street View
24476_1,test,2021,137.9018726,34.74288438,77.22131348,Google Street View
38999_1,test,2021,138.6996868,35.14922607,121.7496796,Google Street View
39025_2,test,2021,138.7024903,35.14851719,100.7825317,Google Street View
39028_2,test,2021,138.7021013,35.14860697,100.9690552,Google Street View
39038_1,test,2021,138.7008045,35.14890623,109.0413971,Google Street View
39078_2,test,2021,138.7099782,35.14735629,281.0056458,Google Street View
39081_2,test,2021,138.70958,35.14741318,280.699585,Google Street View
39086_1,test,2021,138.7089163,35.14750799,280.8669128,Google Street View
39089_1,test,2021,138.7085181,35.14756488,280.8181763,Google Street View
39094_1,test,2021,138.7078544,35.14765969,280.8236084,Google Street View
39094_2,test,2021,138.7078544,35.14765969,280.8236084,Google Street View
39097_2,test,2021,138.7074562,35.14771658,280.2640991,Google Street View
39098_2,test,2021,138.7073235,35.14773554,281.2647095,Google Street View
39111_1,test,2021,138.7055979,35.14798205,280.9715576,Google Street View
39113_2,test,2021,138.7053324,35.14801998,281.274231,Google Street View
39114_1,test,2021,138.7051997,35.14803894,281.4143066,Google Street View
39192_1,test,2021,138.7124332,35.14716667,281.6962585,Google Street View
39830_2,test,2021,138.696315,35.15091197,121.542244,Google Street View
39842_1,test,2021,138.6949355,35.15160171,121.7674484,Google Street View
39843_2,test,2021,138.6948205,35.15165919,184.0335236,Google Street View
39851_1,test,2021,138.6939009,35.15211901,121.3907776,Google Street View
39920_2,test,2021,138.6912709,35.15326561,121.2755356,Google Street View
39942_1,test,2021,138.6886738,35.1544343,122.0288467,Google Street View
40091_1,test,2021,138.6500939,35.13371692,250.1026764,Google Street View
40150_2,test,2021,138.6625807,35.13778943,251.0384979,Google Street View
40171_1,test,2021,138.659951,35.1369348,249.6527252,Google Street View
40177_1,test,2021,138.6591997,35.13669062,249.0661926,Google Street View
40179_1,test,2021,138.6589493,35.13660923,248.9411469,Google Street View
40194_1,test,2021,138.657071,35.13599878,249.079834,Google Street View
40264_1,test,2021,138.6668959,35.13911114,70.96257782,Google Street View
40276_2,test,2021,138.6653756,35.13866069,71.09231567,Google Street View
40305_1,test,2021,138.6729244,35.14091263,249.0706482,Google Street View
40313_2,test,2021,138.6719155,35.14060219,251.2685089,Google Street View
40315_2,test,2021,138.6716632,35.14052458,248.4283142,Google Street View
40364_1,test,2021,138.6788387,35.15605556,91.24446106,Google Street View
40374_1,test,2021,138.6774912,35.15605556,91.67221069,Google Street View
40959_2,test,2021,138.8715916,35.12077778,275.4762878,Google Street View
40970_1,test,2021,138.8701094,35.12077778,275.3667908,Google Street View
42361_1,test,2021,138.9302743,35.11990471,46.5417099,Google Street View
55333_2,test,2015,139.6904455,35.54243293,19.54073906,Google Street View
55334_1,test,2015,139.6904937,35.54253532,19.56364059,Google Street View
55335_2,test,2015,139.6905419,35.54263771,19.3164196,Google Street View
55340_1,test,2015,139.6907828,35.54314967,20.19327164,Google Street View
55357_1,test,2015,139.6914691,35.54482404,19.28286171,Google Street View
55374_1,test,2015,139.6920556,35.54658333,19.38450432,Google Street View
55375_1,test,2015,139.6921063,35.54668488,19.30181122,Google Street View
55381_1,test,2015,139.692411,35.54729421,19.79183197,Google Street View
55429_1,test,2015,139.694745,35.5521878,17.08827019,Google Street View
55509_1,test,2015,139.696888,35.56054744,354.5431519,Google Street View
55514_1,test,2015,139.6968043,35.56109128,356.3283081,Google Street View
55540_1,test,2015,139.6964722,35.56390768,83.75680542,Google Street View
55585_2,test,2015,139.6960056,35.56871071,350.9025269,Google Street View
55704_1,test,2015,139.6828076,35.52638351,51.99349594,Google Street View
55738_1,test,2015,139.6965737,35.57120305,22.47459984,Google Street View
55749_1,test,2015,139.6971996,35.57222999,23.79640388,Google Street View
55788_1,test,2015,139.699113,35.57616817,23.14765167,Google Street View
55789_1,test,2015,139.6991619,35.57627031,23.22035599,Google Street View
55811_1,test,2015,139.7002366,35.57851736,21.11510658,Google Street View
55834_1,test,2015,139.7448056,35.65392175,2.774977684,Google Street View
55859_1,test,2015,139.7442684,35.65651879,332.1339417,Google Street View
55866_1,test,2015,139.7439134,35.65722883,336.4440002,Google Street View
55870_1,test,2015,139.7437105,35.65763456,336.9667664,Google Street View
55884_2,test,2015,139.7430005,35.65905462,338.2346802,Google Street View
55912_2,test,2015,139.7440309,35.66183727,32.52957153,Google Street View
55915_1,test,2015,139.7442512,35.66211268,37.7799263,Google Street View
55941_1,test,2015,139.7064661,35.58765654,30.49409866,Google Street View
55951_1,test,2015,139.7071037,35.58850863,32.21501541,Google Street View
55951_2,test,2015,139.7071037,35.58850863,32.21501541,Google Street View
55953_2,test,2015,139.707244,35.58869574,32.20908737,Google Street View
55958_2,test,2015,139.7075995,35.58914519,31.46713257,Google Street View
55971_2,test,2015,139.7085547,35.59033925,31.94691467,Google Street View
55983_2,test,2015,139.7094365,35.59144145,32.29454041,Google Street View
55986_2,test,2015,139.7096569,35.59171699,32.11710739,Google Street View
56010_2,test,2015,139.7112189,35.59392425,20.91043472,Google Street View
56013_2,test,2015,139.7112731,35.59424999,16.50077438,Google Street View
56014_2,test,2015,139.7112912,35.59435856,15.98941231,Google Street View
56015_2,test,2015,139.7113093,35.59446714,14.04866886,Google Street View
56020_1,test,2015,139.7113998,35.59501003,328.9416504,Google Street View
56041_1,test,2015,139.7118556,35.59716959,9.465339661,Google Street View
56195_1,test,2015,139.7035398,35.58365393,211.9635773,Google Street View
56229_1,test,2015,139.7143958,35.60903477,10.36572266,Google Street View
56238_1,test,2015,139.7146584,35.60999734,0.503702343,Google Street View
56239_1,test,2015,139.7146875,35.61010429,16.92738914,Google Street View
56243_2,test,2015,139.7148042,35.6105321,15.05521393,Google Street View
56244_1,test,2015,139.7148334,35.61063905,11.90192127,Google Street View
56250_1,test,2015,139.7150084,35.61128076,17.54927635,Google Street View
56265_1,test,2015,139.7156153,35.61279693,19.46640778,Google Street View
56269_1,test,2015,139.7157927,35.61321071,17.20474815,Google Street View
56294_1,test,2015,139.7169203,35.61574248,201.7509918,Google Street View
56324_1,test,2015,139.7182434,35.61864539,18.33706284,Google Street View
56345_1,test,2015,139.7193904,35.62074821,230.0007019,Google Street View
56345_2,test,2015,139.7193904,35.62074821,230.0007019,Google Street View
56346_2,test,2015,139.7194451,35.62084834,227.8414307,Google Street View
56347_2,test,2015,139.7194997,35.62094847,218.1744995,Google Street View
56349_1,test,2015,139.7195785,35.62110147,31.4824028,Google Street View
56363_2,test,2015,139.7202888,35.62252209,21.48024178,Google Street View
56371_1,test,2015,139.7206947,35.62333385,21.29094887,Google Street View
56381_2,test,2015,139.721125,35.62429859,25.79548454,Google Street View
56389_1,test,2015,139.7214583,35.62513189,23.41697693,Google Street View
56401_2,test,2015,139.7225856,35.62596196,231.5710297,Google Street View
56434_2,test,2015,139.7257049,35.62840435,42.97579193,Google Street View
56435_2,test,2015,139.7257958,35.62848518,42.68060303,Google Street View
56442_1,test,2015,139.7264323,35.62905096,39.61470795,Google Street View
56448_2,test,2015,139.7269622,35.62946836,44.21070862,Google Street View
56449_1,test,2015,139.7270683,35.62953588,81.11289978,Google Street View
56462_1,test,2015,139.7284476,35.6304136,53.73400116,Google Street View
56463_1,test,2015,139.7285537,35.63048112,48.80987167,Google Street View
56483_2,test,2015,139.7304855,35.63195769,36.35506058,Google Street View
56484_1,test,2015,139.7305705,35.63204267,200.5528259,Google Street View
56498_1,test,2015,139.7308595,35.63354501,6.995642185,Google Street View
56501_1,test,2015,139.7309096,35.63387102,7.164106369,Google Street View
56518_2,test,2015,139.7311939,35.6357184,6.740044117,Google Street View
56520_1,test,2015,139.7312066,35.63583129,7.307901382,Google Street View
56530_1,test,2015,139.7313277,35.63692199,8.822273254,Google Street View
56562_2,test,2015,139.7324907,35.64025927,261.2446289,Google Street View
56573_1,test,2015,139.7330824,35.6413427,23.86360168,Google Street View
56575_1,test,2015,139.7331933,35.64154231,23.69036865,Google Street View
56576_1,test,2015,139.7332487,35.64164211,23.72194099,Google Street View
56585_1,test,2015,139.7337477,35.64254036,23.83862305,Google Street View
56602_1,test,2015,139.7354404,35.64349502,241.4862518,Google Street View
56615_2,test,2015,139.7368657,35.64414394,232.4881134,Google Street View
56620_1,test,2015,139.7374251,35.64444907,235.5337067,Google Street View
56634_1,test,2015,139.7389915,35.64530343,237.2932892,Google Street View
56639_1,test,2015,139.7394141,35.645707,220.9845428,Google Street View
56643_1,test,2015,139.7396582,35.64609752,206.7435303,Google Street View
56655_1,test,2015,139.7403904,35.64726907,210.0747528,Google Street View
56663_1,test,2015,139.7411657,35.6477072,260.3890686,Google Street View
56692_2,test,2015,139.7443227,35.64859876,6.06953764,Google Street View
56695_1,test,2015,139.7443591,35.64892592,7.305513382,Google Street View
56698_1,test,2015,139.7443954,35.64925308,5.917415619,Google Street View
56702_2,test,2015,139.7444439,35.64968928,5.74471283,Google Street View
56719_2,test,2015,139.7446843,35.65154025,5.231900215,Google Street View
56734_1,test,2015,139.7456781,35.663817,217.250351,Google Street View
56736_2,test,2015,139.745848,35.66398693,216.8299255,Google Street View
56741_2,test,2015,139.7462729,35.66441177,215.6487274,Google Street View
56742_1,test,2015,139.7463578,35.66449674,211.0120697,Google Street View
56742_2,test,2015,139.7463578,35.66449674,211.0120697,Google Street View
56745_1,test,2015,139.7466127,35.66475164,234.4920654,Google Street View
56755_1,test,2015,139.7485665,35.66907753,26.95713997,Google Street View
56755_2,test,2015,139.7485665,35.66907753,26.95713997,Google Street View
56768_1,test,2015,139.7479416,35.66774869,193.2047577,Google Street View
56769_2,test,2015,139.7478984,35.667645,200.9995422,Google Street View
56773_1,test,2015,139.7477256,35.66723024,200.4041138,Google Street View
56776_2,test,2015,139.7475959,35.66691916,200.6540527,Google Street View
56778_1,test,2015,139.7475095,35.66671178,22.1256237,Google Street View
56788_2,test,2015,139.7470775,35.66567485,20.57969856,Google Street View
56803_2,test,2015,139.74925,35.67055391,116.9625549,Google Street View
56809_1,test,2015,139.7493007,35.67110142,35.15367508,Google Street View
56962_1,test,2015,139.7620278,35.68211111,234.736084,Google Street View
56986_1,test,2015,139.7612436,35.67956265,16.13451576,Google Street View
57029_1,test,2021,139.7642661,35.68494123,283.1957092,Google Street View
57042_1,test,2021,139.7732109,35.68258231,296.114563,Google Street View
57056_1,test,2015,139.7715185,35.68325926,295.8631592,Google Street View
57058_1,test,2015,139.7712768,35.68335597,297.2163696,Google Street View
57067_2,test,2015,139.7742236,35.68344713,210.916687,Google Street View
57068_1,test,2015,139.7741729,35.68334573,206.8990784,Google Street View
5769_2,test,2015,135.9473231,34.99977227,48.53697968,Google Street View
57072_1,test,2015,139.77397,35.68294011,210.5498199,Google Street View
57102_1,test,2015,139.7659293,35.6845385,284.7402649,Google Street View
57103_1,test,2015,139.7658005,35.6845707,283.5501099,Google Street View
57109_2,test,2015,139.7703907,35.68359563,286.0302124,Google Street View
57124_2,test,2015,139.7684183,35.68395425,286.1248169,Google Street View
71731_2,test,2015,136.6144377,34.92978028,268.5959778,Google Street View
74159_2,test,2015,136.9399813,35.07995692,147.1435852,Google Street View
76325_2,test,2015,136.9229046,35.1074491,352.6889343,Google Street View
76375_2,test,2021,136.9223056,35.11127778,352.4082336,Google Street View
82428_1,test,2015,137.338381,34.82730952,304.9104309,Google Street View
91257_2,test,2021,138.259891,34.86707409,49.89567947,Google Street View
92207_2,test,2015,138.3674449,34.99775128,349.3253174,Google Street View
97294_2,test,2015,138.6607024,35.13717898,249.277298,Google Street View
100598_2,test,2015,139.0935357,35.23290319,288.1225281,Google Street View
104124_1,test,2021,139.2114287,35.2798279,259.9415283,Google Street View
104638_2,test,2021,139.1839924,35.26501347,250.2300568,Google Street View
